{"step": 34, "time": 340.00000067999997, "gStepDelay": 0.166666667, "redSituation": {"redCommander": [{"name": "Red.RedForce_RedCommander#0", "status": 2, "life": 100, "range": 1000, "speed": 0, "longitude": 80.8, "latitude": 31, "altitude": 6, "totalamos": 0, "power": 0, "Name": "Jeep", "Type": "Ground + Static + Vehicle", "Importance": 1, "Health": 1}], "redCommanderMiddle": [{"name": "Red.RedForce_RedCommander#0_RedCommanderMiddle#0", "status": 2, "life": 10, "range": 92, "speed": 55, "longitude": 80.45, "latitude": 30.8, "altitude": 6, "totalamos": 0, "power": 0, "Name": "Jeep", "Type": "Ground + Static + Vehicle", "Importance": 0.5, "Health": 1}], "redAirArtillery": [{"name": "Red.RedForce_RedCommander#0_RedAirArtillery#0", "status": 2, "life": 10, "range": 40, "speed": 0, "longitude": 80.3, "latitude": 31.3, "altitude": 6, "totalamos": 400, "power": 99, "Name": "ZU-23", "Type": "Ground + AntiAircraft", "Importance": 0.5, "Health": 1}, {"name": "Red.RedForce_RedCommander#0_RedAirArtillery#1", "status": 2, "life": 10, "range": 40, "speed": 0, "longitude": 80.15, "latitude": 31.15, "altitude": 6, "totalamos": 400, "power": 99, "Name": "ZU-23", "Type": "Ground + AntiAircraft", "Importance": 0.5, "Health": 1}, {"name": "Red.RedForce_RedCommander#0_RedAirArtillery#2", "status": 2, "life": 10, "range": 40, "speed": 0, "longitude": 81, "latitude": 30.65, "altitude": 6, "totalamos": 400, "power": 99, "Name": "ZU-23", "Type": "Ground + AntiAircraft", "Importance": 0.5, "Health": 1}, {"name": "Red.RedForce_RedCommander#0_RedAirArtillery#3", "status": 2, "life": 10, "range": 40, "speed": 0, "longitude": 81.2, "latitude": 30.75, "altitude": 6, "totalamos": 400, "power": 99, "Name": "ZU-23", "Type": "Ground + AntiAircraft", "Importance": 0.5, "Health": 1}], "redRocketGun": [{"name": "Red.RedForce_RedCommander#0_RedRocketGun#0", "status": 2, "life": 10, "range": 2, "speed": 0, "longitude": 80.3, "latitude": 30.75, "altitude": 6, "totalamos": 320, "power": 3, "Name": "M257", "Type": "Weapon + Rocket", "Importance": 0.5, "Health": 1}, {"name": "Red.RedForce_RedCommander#0_RedRocketGun#1", "status": 2, "life": 10, "range": 2, "speed": 0, "longitude": 80.45, "latitude": 30.65, "altitude": 6, "totalamos": 320, "power": 3, "Name": "M257", "Type": "Weapon + Rocket", "Importance": 0.5, "Health": 1}, {"name": "Red.RedForce_RedCommander#0_RedRocketGun#2", "status": 2, "life": 10, "range": 2, "speed": 0, "longitude": 80.6, "latitude": 30.55, "altitude": 6, "totalamos": 320, "power": 3, "Name": "M257", "Type": "Weapon + Rocket", "Importance": 0.5, "Health": 1}, {"name": "Red.RedForce_RedCommander#0_RedRocketGun#3", "status": 2, "life": 10, "range": 2, "speed": 0, "longitude": 80.15, "latitude": 30.85, "altitude": 6, "totalamos": 320, "power": 3, "Name": "M257", "Type": "Weapon + Rocket", "Importance": 0.5, "Health": 1}, {"name": "Red.RedForce_RedCommander#0_RedRocketGun#4", "status": 2, "life": 10, "range": 2, "speed": 0, "longitude": 80, "latitude": 30.95, "altitude": 0, "totalamos": 320, "power": 3, "Name": "M257", "Type": "Weapon + Rocket", "Importance": 0.5, "Health": 1}], "redSAUGV": [{"name": "Red.RedForce_RedCommander#0_RedSAUGV#0", "status": 2, "life": 35, "range": 12, "speed": 55, "longitude": 80.39309256502943, "latitude": 30.499272235012047, "altitude": 0, "totalamos": 20000, "power": 4, "Name": "T-90", "Type": "Ground + Heavy + Armor + Vehicle + Tank", "Importance": 0.5, "Health": 3.5}, {"name": "Red.RedForce_RedCommander#0_RedSAUGV#1", "status": 2, "life": 35, "range": 12, "speed": 55, "longitude": 80.28132454924426, "latitude": 30.559822837959384, "altitude": 0, "totalamos": 20000, "power": 4, "Name": "T-90", "Type": "Ground + Heavy + Armor + Vehicle + Tank", "Importance": 0.5, "Health": 3.5}, {"name": "Red.RedForce_RedCommander#0_RedSAUGV#2", "status": 2, "life": 35, "range": 12, "speed": 55, "longitude": 80.12541979048441, "latitude": 30.690770979083165, "altitude": 0, "totalamos": 20000, "power": 4, "Name": "T-90", "Type": "Ground + Heavy + Armor + Vehicle + Tank", "Importance": 0.5, "Health": 3.5}, {"name": "Red.RedForce_RedCommander#0_RedSAUGV#3", "status": 2, "life": 35, "range": 12, "speed": 55, "longitude": 79.98436013604162, "latitude": 30.756162750087114, "altitude": 0, "totalamos": 19999, "power": 4, "Name": "T-90", "Type": "Ground + Heavy + Armor + Vehicle + Tank", "Importance": 0.5, "Health": 3.5}, {"name": "Red.RedForce_RedCommander#0_RedSAUGV#4", "status": 2, "life": 35, "range": 12, "speed": 55, "longitude": 79.9059140541527, "latitude": 30.84892939472981, "altitude": 0, "totalamos": 19999, "power": 4, "Name": "T-90", "Type": "Ground + Heavy + Armor + Vehicle + Tank", "Importance": 0.5, "Health": 3.5}, {"name": "Red.RedForce_RedCommander#0_RedSAUGV#5", "status": 2, "life": 35, "range": 12, "speed": 55, "longitude": 79.7971279922736, "latitude": 30.92985484882925, "altitude": 0, "totalamos": 20000, "power": 4, "Name": "T-90", "Type": "Ground + Heavy + Armor + Vehicle + Tank", "Importance": 0.5, "Health": 3.5}, {"name": "Red.RedForce_RedCommander#0_RedSAUGV#6", "status": 2, "life": 35, "range": 12, "speed": 55, "longitude": 80.5039724808082, "latitude": 30.50845681201741, "altitude": 0, "totalamos": 20000, "power": 4, "Name": "T-90", "Type": "Ground + Heavy + Armor + Vehicle + Tank", "Importance": 0.5, "Health": 3.5}, {"name": "Red.RedForce_RedCommander#0_RedSAUGV#7", "status": 2, "life": 35, "range": 12, "speed": 55, "longitude": 80.60366383385008, "latitude": 30.41944285420689, "altitude": 0, "totalamos": 20000, "power": 4, "Name": "T-90", "Type": "Ground + Heavy + Armor + Vehicle + Tank", "Importance": 0.5, "Health": 3.5}], "redRSUAVehicle": [{"name": "Red.RedForce_RedCommander#0_RedRSUAVehicle#0", "status": 2, "life": 10, "range": 0, "speed": 55, "longitude": 80.45, "latitude": 30.85, "altitude": 6, "totalamos": 0, "power": 0, "Name": "ZIL-131", "Type": "Air + Rotorcraft", "Importance": 0.5, "Health": 1}, {"name": "Red.RedForce_RedCommander#0_RedRSUAVehicle#1", "status": 2, "life": 10, "range": 0, "speed": 55, "longitude": 80.45, "latitude": 30.85, "altitude": 6, "totalamos": 0, "power": 0, "Name": "ZIL-131", "Type": "Air + Rotorcraft", "Importance": 0.5, "Health": 1}, {"name": "Red.RedForce_RedCommander#0_RedRSUAVehicle#2", "status": 2, "life": 10, "range": 0, "speed": 55, "longitude": 80.45, "latitude": 30.85, "altitude": 6, "totalamos": 0, "power": 0, "Name": "ZIL-131", "Type": "Air + Rotorcraft", "Importance": 0.5, "Health": 1}], "redRSUAV": [{"name": "Red.RedForce_RedCommander#0_RedRSUAVehicle#0.RedRSUAV#0", "status": 2, "life": 10, "range": 1370, "speed": 300, "longitude": 79.7602006436369, "latitude": 30.721762952189543, "altitude": 1, "totalamos": 0, "power": 0, "Name": "OH-58"}, {"name": "Red.RedForce_RedCommander#0_RedRSUAVehicle#1.RedRSUAV#0", "status": 2, "life": 10, "range": 1370, "speed": 300, "longitude": 79.30083800879605, "latitude": 30.145912315500397, "altitude": 1, "totalamos": 0, "power": 0, "Name": "OH-58"}, {"name": "Red.RedForce_RedCommander#0_RedRSUAVehicle#2.RedRSUAV#0", "status": 2, "life": 10, "range": 1370, "speed": 300, "longitude": 79.3647348052826, "latitude": 30.71090479272326, "altitude": 1, "totalamos": 0, "power": 0, "Name": "OH-58"}], "redFSUAVehicle": [{"name": "Red.RedForce_RedCommander#0_RedFSUAVehicle#0", "status": 2, "life": 10, "range": 0, "speed": 55, "longitude": 80.64, "latitude": 30.98, "altitude": 6, "totalamos": 0, "power": 0, "Name": "ZIL-131", "Type": "Ground + Vehicle + AircraftCarrier", "Importance": 0.5, "Health": 1}, {"name": "Red.RedForce_RedCommander#0_RedFSUAVehicle#1", "status": 2, "life": 10, "range": 0, "speed": 55, "longitude": 80.64, "latitude": 30.98, "altitude": 6, "totalamos": 0, "power": 0, "Name": "ZIL-131", "Type": "Ground + Vehicle + AircraftCarrier", "Importance": 0.5, "Health": 1}, {"name": "Red.RedForce_RedCommander#0_RedFSUAVehicle#2", "status": 2, "life": 10, "range": 0, "speed": 55, "longitude": 80.64, "latitude": 30.98, "altitude": 6, "totalamos": 0, "power": 0, "Name": "ZIL-131", "Type": "Ground + Vehicle + AircraftCarrier", "Importance": 0.5, "Health": 1}, {"name": "Red.RedForce_RedCommander#0_RedFSUAVehicle#3", "status": 2, "life": 10, "range": 0, "speed": 55, "longitude": 80.64, "latitude": 30.98, "altitude": 6, "totalamos": 0, "power": 0, "Name": "ZIL-131", "Type": "Ground + Vehicle + AircraftCarrier", "Importance": 0.5, "Health": 1}, {"name": "Red.RedForce_RedCommander#0_RedFSUAVehicle#4", "status": 2, "life": 10, "range": 0, "speed": 55, "longitude": 80.64, "latitude": 30.98, "altitude": 6, "totalamos": 0, "power": 0, "Name": "ZIL-131", "Type": "Ground + Vehicle + AircraftCarrier", "Importance": 0.5, "Health": 1}, {"name": "Red.RedForce_RedCommander#0_RedFSUAVehicle#5", "status": 2, "life": 10, "range": 0, "speed": 55, "longitude": 80.64, "latitude": 30.98, "altitude": 6, "totalamos": 0, "power": 0, "Name": "ZIL-131", "Type": "Ground + Vehicle + AircraftCarrier", "Importance": 0.5, "Health": 1}, {"name": "Red.RedForce_RedCommander#0_RedFSUAVehicle#6", "status": 2, "life": 10, "range": 0, "speed": 55, "longitude": 80.64, "latitude": 30.98, "altitude": 6, "totalamos": 0, "power": 0, "Name": "ZIL-131", "Type": "Ground + Vehicle + AircraftCarrier", "Importance": 0.5, "Health": 1}, {"name": "Red.RedForce_RedCommander#0_RedFSUAVehicle#7", "status": 2, "life": 10, "range": 0, "speed": 55, "longitude": 80.64, "latitude": 30.98, "altitude": 6, "totalamos": 0, "power": 0, "Name": "ZIL-131", "Type": "Ground + Vehicle + AircraftCarrier", "Importance": 0.5, "Health": 1}, {"name": "Red.RedForce_RedCommander#0_RedFSUAVehicle#8", "status": 2, "life": 10, "range": 0, "speed": 55, "longitude": 80.64, "latitude": 30.98, "altitude": 6, "totalamos": 0, "power": 0, "Name": "ZIL-131", "Type": "Ground + Vehicle + AircraftCarrier", "Importance": 0.5, "Health": 1}, {"name": "Red.RedForce_RedCommander#0_RedFSUAVehicle#9", "status": 2, "life": 10, "range": 0, "speed": 55, "longitude": 80.64, "latitude": 30.98, "altitude": 6, "totalamos": 0, "power": 0, "Name": "ZIL-131", "Type": "Ground + Vehicle + AircraftCarrier", "Importance": 0.5, "Health": 1}], "redFSUAV": [{"name": "Red.RedForce_RedCommander#0_RedFSUAVehicle#0.RedFSUAV#0", "status": 2, "life": 10, "range": 1370, "speed": 300, "longitude": 79.43240553410503, "latitude": 30.573257424455768, "altitude": 1, "totalamos": 0, "power": 0, "Name": "MQ-1", "Type": "Air + FixedWing"}, {"name": "Red.RedForce_RedCommander#0_RedFSUAVehicle#1.RedFSUAV#0", "status": 2, "life": 10, "range": 1370, "speed": 300, "longitude": 79.246172927371, "latitude": 30.7248947575216, "altitude": 1, "totalamos": 0, "power": 0, "Name": "MQ-1", "Type": "Air + FixedWing"}, {"name": "Red.RedForce_RedCommander#0_RedFSUAVehicle#2.RedFSUAV#0", "status": 2, "life": 10, "range": 1370, "speed": 300, "longitude": 79.31371042665988, "latitude": 30.34884307639898, "altitude": 1, "totalamos": 0, "power": 0, "Name": "MQ-1", "Type": "Air + FixedWing"}, {"name": "Red.RedForce_RedCommander#0_RedFSUAVehicle#3.RedFSUAV#0", "status": 2, "life": 10, "range": 1370, "speed": 300, "longitude": 79.42572350809081, "latitude": 30.61895171998728, "altitude": 1, "totalamos": 0, "power": 0, "Name": "MQ-1", "Type": "Air + FixedWing"}, {"name": "Red.RedForce_RedCommander#0_RedFSUAVehicle#4.RedFSUAV#0", "status": 2, "life": 10, "range": 1370, "speed": 300, "longitude": 78.85772567807153, "latitude": 30.607516781752405, "altitude": 1, "totalamos": 0, "power": 0, "Name": "MQ-1", "Type": "Air + FixedWing"}, {"name": "Red.RedForce_RedCommander#0_RedFSUAVehicle#5.RedFSUAV#0", "status": 2, "life": 10, "range": 1370, "speed": 300, "longitude": 79.43611731469977, "latitude": 30.604957780866847, "altitude": 1, "totalamos": 0, "power": 0, "Name": "MQ-1", "Type": "Air + FixedWing"}, {"name": "Red.RedForce_RedCommander#0_RedFSUAVehicle#6.RedFSUAV#0", "status": 2, "life": 10, "range": 1370, "speed": 300, "longitude": 79.41324628359291, "latitude": 30.437408900873343, "altitude": 1, "totalamos": 0, "power": 0, "Name": "MQ-1", "Type": "Air + FixedWing"}, {"name": "Red.RedForce_RedCommander#0_RedFSUAVehicle#7.RedFSUAV#0", "status": 2, "life": 10, "range": 1370, "speed": 300, "longitude": 79.6712428434, "latitude": 30.437904853680184, "altitude": 1, "totalamos": 0, "power": 0, "Name": "MQ-1", "Type": "Air + FixedWing"}, {"name": "Red.RedForce_RedCommander#0_RedFSUAVehicle#8.RedFSUAV#0", "status": 2, "life": 10, "range": 1370, "speed": 300, "longitude": 79.64553596569931, "latitude": 30.53115915668166, "altitude": 1, "totalamos": 0, "power": 0, "Name": "MQ-1", "Type": "Air + FixedWing"}, {"name": "Red.RedForce_RedCommander#0_RedFSUAVehicle#9.RedFSUAV#0", "status": 2, "life": 10, "range": 1370, "speed": 300, "longitude": 80.35030069295657, "latitude": 30.115328503340013, "altitude": 1, "totalamos": 0, "power": 0, "Name": "MQ-1", "Type": "Air + FixedWing"}], "redArCMUGV": [{"name": "Red.RedForce_RedCommander#0_RedArCMUGV#0", "status": 2, "life": 10, "range": 500, "speed": 55, "longitude": 80.8, "latitude": 30.9, "altitude": 6, "totalamos": 6, "power": 0, "Name": "KrAZ-255", "Type": "Weapon + Missile", "Importance": 0.5, "Health": 1}, {"name": "Red.RedForce_RedCommander#0_RedArCMUGV#1", "status": 2, "life": 10, "range": 500, "speed": 55, "longitude": 80.7, "latitude": 30.94, "altitude": 6, "totalamos": 6, "power": 0, "Name": "KrAZ-255", "Type": "Weapon + Missile", "Importance": 0.5, "Health": 1}], "redInCMUGV": [{"name": "Red.RedForce_RedCommander#0_RedInCMUGV#0", "status": 2, "life": 10, "range": 500, "speed": 55, "longitude": 80.9, "latitude": 30.86, "altitude": 6, "totalamos": 10, "power": 0, "Name": "KrAZ-255", "Type": "Weapon + Missile", "Importance": 0.5, "Health": 1}], "redAJUGV": [{"name": "Red.RedForce_RedCommander#0_RedAJUGV#0", "status": 2, "life": 10, "range": 92, "speed": 55, "longitude": 80.37350780869964, "latitude": 30.70690873320591, "altitude": 0, "totalamos": 0, "power": 0, "Name": "P-15", "Type": "Ground + Vehicle", "Importance": 0.5, "Health": 1}], "redArCMissle": [{"name": "Red.RedForce_RedCommander#0_RedArCMUGV#0.RedArCMissile#0", "status": 0, "life": 10, "range": 500, "speed": 700, "longitude": 79, "latitude": 30.6, "altitude": 0, "totalamos": 0, "power": 8, "Name": "SCUD"}, {"name": "Red.RedForce_RedCommander#0_RedArCMUGV#0.RedArCMissile#1", "status": 2, "life": 10, "range": 500, "speed": 700, "longitude": 80.8, "latitude": 30.9, "altitude": 6, "totalamos": 1, "power": 8, "Name": "SCUD"}, {"name": "Red.RedForce_RedCommander#0_RedArCMUGV#0.RedArCMissile#2", "status": 0, "life": 10, "range": 500, "speed": 700, "longitude": 79, "latitude": 30.55, "altitude": 0, "totalamos": 0, "power": 8, "Name": "SCUD"}, {"name": "Red.RedForce_RedCommander#0_RedArCMUGV#0.RedArCMissile#3", "status": 0, "life": 10, "range": 500, "speed": 700, "longitude": 78.7, "latitude": 30.7, "altitude": 0, "totalamos": 0, "power": 8, "Name": "SCUD"}, {"name": "Red.RedForce_RedCommander#0_RedArCMUGV#0.RedArCMissile#4", "status": 2, "life": 10, "range": 500, "speed": 700, "longitude": 80.8, "latitude": 30.9, "altitude": 6, "totalamos": 1, "power": 8, "Name": "SCUD"}, {"name": "Red.RedForce_RedCommander#0_RedArCMUGV#0.RedArCMissile#5", "status": 0, "life": 10, "range": 500, "speed": 700, "longitude": 79.9, "latitude": 30.15, "altitude": 0, "totalamos": 0, "power": 8, "Name": "SCUD"}, {"name": "Red.RedForce_RedCommander#0_RedArCMUGV#1.RedArCMissile#0", "status": 0, "life": 10, "range": 500, "speed": 700, "longitude": 79.9, "latitude": 30.2, "altitude": 0, "totalamos": 0, "power": 8, "Name": "SCUD"}, {"name": "Red.RedForce_RedCommander#0_RedArCMUGV#1.RedArCMissile#1", "status": 0, "life": 10, "range": 500, "speed": 700, "longitude": 79.6, "latitude": 30.35, "altitude": 0, "totalamos": 0, "power": 8, "Name": "SCUD"}, {"name": "Red.RedForce_RedCommander#0_RedArCMUGV#1.RedArCMissile#2", "status": 0, "life": 10, "range": 500, "speed": 700, "longitude": 78.7, "latitude": 30.75, "altitude": 0, "totalamos": 0, "power": 8, "Name": "SCUD"}, {"name": "Red.RedForce_RedCommander#0_RedArCMUGV#1.RedArCMissile#3", "status": 0, "life": 10, "range": 500, "speed": 700, "longitude": 79.3, "latitude": 30.5, "altitude": 0, "totalamos": 0, "power": 8, "Name": "SCUD"}, {"name": "Red.RedForce_RedCommander#0_RedArCMUGV#1.RedArCMissile#4", "status": 0, "life": 10, "range": 500, "speed": 700, "longitude": 79.25, "latitude": 30.15, "altitude": 0, "totalamos": 0, "power": 8, "Name": "SCUD"}, {"name": "Red.RedForce_RedCommander#0_RedArCMUGV#1.RedArCMissile#5", "status": 0, "life": 10, "range": 500, "speed": 700, "longitude": 80.2, "latitude": 30.05, "altitude": 0, "totalamos": 0, "power": 8, "Name": "SCUD"}], "redInCMissle": [{"name": "Red.RedForce_RedCommander#0_RedInCMUGV#0.RedInCMissile#0", "status": 0, "life": 10, "range": 500, "speed": 700, "longitude": 80.5016970663636, "latitude": 29.904115383681617, "altitude": 1, "totalamos": 0, "power": 8, "Name": "SCUD"}, {"name": "Red.RedForce_RedCommander#0_RedInCMUGV#0.RedInCMissile#1", "status": 0, "life": 10, "range": 500, "speed": 700, "longitude": 79.9, "latitude": 30.2, "altitude": 0, "totalamos": 0, "power": 8, "Name": "SCUD"}, {"name": "Red.RedForce_RedCommander#0_RedInCMUGV#0.RedInCMissile#2", "status": 0, "life": 10, "range": 500, "speed": 700, "longitude": 79.6, "latitude": 30.3, "altitude": 0, "totalamos": 0, "power": 8, "Name": "SCUD"}, {"name": "Red.RedForce_RedCommander#0_RedInCMUGV#0.RedInCMissile#3", "status": 0, "life": 10, "range": 500, "speed": 700, "longitude": 79.6, "latitude": 30.35, "altitude": 0, "totalamos": 0, "power": 8, "Name": "SCUD"}, {"name": "Red.RedForce_RedCommander#0_RedInCMUGV#0.RedInCMissile#4", "status": 0, "life": 10, "range": 500, "speed": 700, "longitude": 79.3, "latitude": 30.5, "altitude": 0, "totalamos": 0, "power": 8, "Name": "SCUD"}, {"name": "Red.RedForce_RedCommander#0_RedInCMUGV#0.RedInCMissile#5", "status": 0, "life": 10, "range": 500, "speed": 700, "longitude": 79.6, "latitude": 30.3, "altitude": 0, "totalamos": 0, "power": 8, "Name": "SCUD"}, {"name": "Red.RedForce_RedCommander#0_RedInCMUGV#0.RedInCMissile#6", "status": 2, "life": 10, "range": 500, "speed": 700, "longitude": 80.9, "latitude": 30.86, "altitude": 6, "totalamos": 1, "power": 8, "Name": "SCUD"}, {"name": "Red.RedForce_RedCommander#0_RedInCMUGV#0.RedInCMissile#7", "status": 0, "life": 10, "range": 500, "speed": 700, "longitude": 79.3, "latitude": 30.45, "altitude": 0, "totalamos": 0, "power": 8, "Name": "SCUD"}, {"name": "Red.RedForce_RedCommander#0_RedInCMUGV#0.RedInCMissile#8", "status": 2, "life": 10, "range": 500, "speed": 700, "longitude": 80.9, "latitude": 30.86, "altitude": 6, "totalamos": 1, "power": 8, "Name": "SCUD"}, {"name": "Red.RedForce_RedCommander#0_RedInCMUGV#0.RedInCMissile#9", "status": 2, "life": 10, "range": 500, "speed": 700, "longitude": 80.9, "latitude": 30.86, "altitude": 6, "totalamos": 1, "power": 8, "Name": "SCUD"}], "redSuicideUAV": [{"name": "Red.RedForce_RedCommander#0_RedsuicideUAV#0", "status": 2, "life": 10, "range": 10, "speed": 425, "longitude": 80.45, "latitude": 30.85, "altitude": 6, "totalamos": 1, "power": 6, "Name": "MQ-1", "Type": "Air + FixedWing", "Importance": 0.5, "Health": 1}, {"name": "Red.RedForce_RedCommander#0_RedsuicideUAV#1", "status": 2, "life": 10, "range": 10, "speed": 425, "longitude": 80.1945681370361, "latitude": 30.54949472022151, "altitude": 0, "totalamos": 1, "power": 6, "Name": "MQ-1", "Type": "Air + FixedWing", "Importance": 0.5, "Health": 1}, {"name": "Red.RedForce_RedCommander#0_RedsuicideUAV#2", "status": 2, "life": 10, "range": 10, "speed": 425, "longitude": 80.02468313567495, "latitude": 30.77847369429391, "altitude": 0, "totalamos": 1, "power": 6, "Name": "MQ-1", "Type": "Air + FixedWing", "Importance": 0.5, "Health": 1}, {"name": "Red.RedForce_RedCommander#0_RedsuicideUAV#3", "status": 2, "life": 10, "range": 10, "speed": 425, "longitude": 80.01728935874333, "latitude": 30.827480564030523, "altitude": 0, "totalamos": 1, "power": 6, "Name": "MQ-1", "Type": "Air + FixedWing", "Importance": 0.5, "Health": 1}, {"name": "Red.RedForce_RedCommander#0_RedsuicideUAV#4", "status": 2, "life": 10, "range": 10, "speed": 425, "longitude": 80.02820209977585, "latitude": 30.764584601079445, "altitude": 0, "totalamos": 1, "power": 6, "Name": "MQ-1", "Type": "Air + FixedWing", "Importance": 0.5, "Health": 1}, {"name": "Red.RedForce_RedCommander#0_RedsuicideUAV#5", "status": 2, "life": 10, "range": 10, "speed": 425, "longitude": 80.01841798591913, "latitude": 30.81523315303645, "altitude": 0, "totalamos": 1, "power": 6, "Name": "MQ-1", "Type": "Air + FixedWing", "Importance": 0.5, "Health": 1}, {"name": "Red.RedForce_RedCommander#0_RedsuicideUAV#6", "status": 2, "life": 10, "range": 10, "speed": 425, "longitude": 80.45, "latitude": 30.85, "altitude": 6, "totalamos": 1, "power": 6, "Name": "MQ-1", "Type": "Air + FixedWing", "Importance": 0.5, "Health": 1}, {"name": "Red.RedForce_RedCommander#0_RedsuicideUAV#7", "status": 2, "life": 10, "range": 10, "speed": 425, "longitude": 78.80927095379579, "latitude": 30.594882286393933, "altitude": 0, "totalamos": 1, "power": 6, "Name": "MQ-1", "Type": "Air + FixedWing", "Importance": 0.5, "Health": 1}, {"name": "Red.RedForce_RedCommander#0_RedsuicideUAV#8", "status": 2, "life": 10, "range": 10, "speed": 425, "longitude": 80.20684773140827, "latitude": 30.542060648430965, "altitude": 0, "totalamos": 1, "power": 6, "Name": "MQ-1", "Type": "Air + FixedWing", "Importance": 0.5, "Health": 1}, {"name": "Red.RedForce_RedCommander#0_RedsuicideUAV#9", "status": 2, "life": 10, "range": 10, "speed": 425, "longitude": 80.10323454059696, "latitude": 30.62704241967831, "altitude": 0, "totalamos": 1, "power": 6, "Name": "MQ-1", "Type": "Air + FixedWing", "Importance": 0.5, "Health": 1}]}, "blueSituation": {"blueCommander": [{"name": "Blue.BlueForce_BlueCommander#0", "status": 2, "life": 100, "range": 10, "speed": 0, "longitude": 79.2, "latitude": 30.2, "altitude": 6, "totalamos": 0, "power": 0, "Name": "Jeep", "Type": "Ground + Static + Vehicle", "Importance": 1, "Health": 1}], "blueUAVehicle": [{"name": "Blue.BlueForce_BlueCommander#0_BlueUAVehicle#0", "status": 2, "life": 10, "range": 92, "speed": 55, "longitude": 79.3, "latitude": 30.1, "altitude": 6, "totalamos": 0, "power": 1, "Name": "ZIL-131", "Type": "Ground + Vehicle", "Importance": 0.5, "Health": 1}], "blueCommandVehicle": [], "blueCommandMiddle": [{"name": "Blue.BlueForce_BlueCommander#0_BlueCommandMiddle#0", "status": 2, "life": 20, "range": 92, "speed": 55, "longitude": 79.05, "latitude": 30.115, "altitude": 6, "totalamos": 0, "power": 0, "Name": "Jeep", "Type": "Ground + Vehicle", "Importance": 0.5, "Health": 1}, {"name": "Blue.BlueForce_BlueCommander#0_BlueCommandMiddle#1", "status": 2, "life": 20, "range": 92, "speed": 55, "longitude": 79.05, "latitude": 30.115, "altitude": 6, "totalamos": 0, "power": 0, "Name": "Jeep", "Type": "Ground + Vehicle", "Importance": 0.5, "Health": 1}, {"name": "Blue.BlueForce_BlueCommander#0_BlueCommandMiddle#2", "status": 2, "life": 20, "range": 92, "speed": 55, "longitude": 79.05, "latitude": 30.115, "altitude": 6, "totalamos": 0, "power": 0, "Name": "Jeep", "Type": "Ground + Vehicle", "Importance": 0.5, "Health": 1}, {"name": "Blue.BlueForce_BlueCommander#0_BlueCommandMiddle#3", "status": 2, "life": 20, "range": 92, "speed": 55, "longitude": 79.05, "latitude": 30.115, "altitude": 6, "totalamos": 0, "power": 0, "Name": "Jeep", "Type": "Ground + Vehicle", "Importance": 0.5, "Health": 1}], "blueInfantry": [{"name": "Blue.BlueForce_BlueCommander#0_BlueInfantry#0", "status": 2, "life": 2, "range": 10, "speed": 15, "longitude": 79.9, "latitude": 30.2, "altitude": 6, "totalamos": 96, "power": 1, "Name": "Infantry", "Type": "Ground + Light + Human + Infantry", "Importance": 0.5, "Health": 0.2}, {"name": "Blue.BlueForce_BlueCommander#0_BlueInfantry#1", "status": 2, "life": 2, "range": 10, "speed": 15, "longitude": 79.6, "latitude": 30.35, "altitude": 6, "totalamos": 96, "power": 1, "Name": "Infantry", "Type": "Ground + Light + Human + Infantry", "Importance": 0.5, "Health": 0.2}, {"name": "Blue.BlueForce_BlueCommander#0_BlueInfantry#2", "status": 2, "life": 2, "range": 10, "speed": 15, "longitude": 79.3, "latitude": 30.5, "altitude": 6, "totalamos": 96, "power": 1, "Name": "Infantry", "Type": "Ground + Light + Human + Infantry", "Importance": 0.5, "Health": 0.2}, {"name": "Blue.BlueForce_BlueCommander#0_BlueInfantry#3", "status": 2, "life": 2, "range": 10, "speed": 15, "longitude": 79.25, "latitude": 30.15, "altitude": 6, "totalamos": 96, "power": 1, "Name": "Infantry", "Type": "Ground + Light + Human + Infantry", "Importance": 0.5, "Health": 0.2}, {"name": "Blue.BlueForce_BlueCommander#0_BlueInfantry#4", "status": 2, "life": 2, "range": 10, "speed": 15, "longitude": 80.2, "latitude": 30.05, "altitude": 6, "totalamos": 96, "power": 1, "Name": "Infantry", "Type": "Ground + Light + Human + Infantry", "Importance": 0.5, "Health": 0.2}, {"name": "Blue.BlueForce_BlueCommander#0_BlueInfantry#5", "status": 2, "life": 2, "range": 10, "speed": 15, "longitude": 80.5, "latitude": 29.9, "altitude": 6, "totalamos": 96, "power": 1, "Name": "Infantry", "Type": "Ground + Light + Human + Infantry", "Importance": 0.5, "Health": 0.2}, {"name": "Blue.BlueForce_BlueCommander#0_BlueInfantry#6", "status": 2, "life": 2, "range": 10, "speed": 15, "longitude": 79, "latitude": 30.6, "altitude": 6, "totalamos": 96, "power": 1, "Name": "Infantry", "Type": "Ground + Light + Human + Infantry", "Importance": 0.5, "Health": 0.2}, {"name": "Blue.BlueForce_BlueCommander#0_BlueInfantry#7", "status": 2, "life": 2, "range": 10, "speed": 15, "longitude": 78.7, "latitude": 30.75, "altitude": 6, "totalamos": 96, "power": 1, "Name": "Infantry", "Type": "Ground + Light + Human + Infantry", "Importance": 0.5, "Health": 0.2}, {"name": "Blue.BlueForce_BlueCommander#0_BlueInfantry#8", "status": 2, "life": 2, "range": 10, "speed": 15, "longitude": 79.9, "latitude": 30.2, "altitude": 6, "totalamos": 96, "power": 1, "Name": "Infantry", "Type": "Ground + Light + Human + Infantry", "Importance": 0.5, "Health": 0.2}, {"name": "Blue.BlueForce_BlueCommander#0_BlueInfantry#9", "status": 2, "life": 2, "range": 10, "speed": 15, "longitude": 79.6, "latitude": 30.35, "altitude": 6, "totalamos": 96, "power": 1, "Name": "Infantry", "Type": "Ground + Light + Human + Infantry", "Importance": 0.5, "Health": 0.2}, {"name": "Blue.BlueForce_BlueCommander#0_BlueInfantry#10", "status": 2, "life": 2, "range": 10, "speed": 15, "longitude": 79.3, "latitude": 30.5, "altitude": 6, "totalamos": 96, "power": 1, "Name": "Infantry", "Type": "Ground + Light + Human + Infantry", "Importance": 0.5, "Health": 0.2}, {"name": "Blue.BlueForce_BlueCommander#0_BlueInfantry#11", "status": 2, "life": 2, "range": 10, "speed": 15, "longitude": 79.6, "latitude": 30.3, "altitude": 6, "totalamos": 96, "power": 1, "Name": "Infantry", "Type": "Ground + Light + Human + Infantry", "Importance": 0.5, "Health": 0.2}], "blueArtillery": [{"name": "Blue.BlueForce_BlueCommander#0_BlueArtillery#0", "status": 2, "life": 2, "range": 29, "speed": 15, "longitude": 79.9, "latitude": 30.15, "altitude": 6, "totalamos": 560, "power": 2, "Name": "BGM-71B", "Type": "Weapon + Projectile", "Importance": 0.5, "Health": 0.2}, {"name": "Blue.BlueForce_BlueCommander#0_BlueArtillery#1", "status": 2, "life": 2, "range": 29, "speed": 15, "longitude": 79.6, "latitude": 30.3, "altitude": 6, "totalamos": 560, "power": 2, "Name": "BGM-71B", "Type": "Weapon + Projectile", "Importance": 0.5, "Health": 0.2}, {"name": "Blue.BlueForce_BlueCommander#0_BlueArtillery#2", "status": 2, "life": 2, "range": 29, "speed": 15, "longitude": 79.3, "latitude": 30.45, "altitude": 6, "totalamos": 560, "power": 2, "Name": "BGM-71B", "Type": "Weapon + Projectile", "Importance": 0.5, "Health": 0.2}, {"name": "Blue.BlueForce_BlueCommander#0_BlueArtillery#3", "status": 2, "life": 10, "range": 29, "speed": 15, "longitude": 80.2, "latitude": 30, "altitude": 6, "totalamos": 560, "power": 2, "Name": "BGM-71B", "Type": "Weapon + Projectile", "Importance": 0.5, "Health": 1}, {"name": "Blue.BlueForce_BlueCommander#0_BlueArtillery#4", "status": 2, "life": 10, "range": 29, "speed": 15, "longitude": 80.5, "latitude": 29.85, "altitude": 6, "totalamos": 560, "power": 2, "Name": "BGM-71B", "Type": "Weapon + Projectile", "Importance": 0.5, "Health": 1}, {"name": "Blue.BlueForce_BlueCommander#0_BlueArtillery#5", "status": 2, "life": 2, "range": 29, "speed": 15, "longitude": 79, "latitude": 30.55, "altitude": 6, "totalamos": 560, "power": 2, "Name": "BGM-71B", "Type": "Weapon + Projectile", "Importance": 0.5, "Health": 0.2}, {"name": "Blue.BlueForce_BlueCommander#0_BlueArtillery#6", "status": 2, "life": 2, "range": 29, "speed": 15, "longitude": 78.7, "latitude": 30.7, "altitude": 6, "totalamos": 560, "power": 2, "Name": "BGM-71B", "Type": "Weapon + Projectile", "Importance": 0.5, "Health": 0.2}, {"name": "Blue.BlueForce_BlueCommander#0_BlueArtillery#7", "status": 2, "life": 10, "range": 29, "speed": 15, "longitude": 79.9, "latitude": 30.15, "altitude": 6, "totalamos": 560, "power": 2, "Name": "BGM-71B", "Type": "Weapon + Projectile", "Importance": 0.5, "Health": 1}], "blueArchibald": [{"name": "Blue.BlueForce_BlueCommander#0_BlueArchibald#0", "status": 2, "life": 10, "range": 2, "speed": 55, "longitude": 79.1, "latitude": 30.075, "altitude": 6, "totalamos": 100, "power": 2, "Name": "MIM-23", "Type": "Weapon + Projectile", "Importance": 0.5, "Health": 1}, {"name": "Blue.BlueForce_BlueCommander#0_BlueArchibald#1", "status": 2, "life": 10, "range": 2, "speed": 55, "longitude": 78.95, "latitude": 30.225, "altitude": 6, "totalamos": 100, "power": 2, "Name": "MIM-23", "Type": "Weapon + Projectile", "Importance": 0.5, "Health": 1}], "blueADLanucher": [{"name": "Blue.BlueForce_BlueCommander#0_BlueADLanucher#0", "status": 2, "life": 10, "range": 2, "speed": 0, "longitude": 79.2, "latitude": 30, "altitude": 6, "totalamos": 4, "power": 5, "Name": "MIM-23", "Type": "Weapon + Missile", "Importance": 0.5, "Health": 1}, {"name": "Blue.BlueForce_BlueCommander#0_BlueADLanucher#1", "status": 2, "life": 10, "range": 2, "speed": 0, "longitude": 79, "latitude": 30.15, "altitude": 6, "totalamos": 4, "power": 5, "Name": "MIM-23", "Type": "Weapon + Missile", "Importance": 0.5, "Health": 1}, {"name": "Blue.BlueForce_BlueCommander#0_BlueADLanucher#2", "status": 2, "life": 10, "range": 2, "speed": 0, "longitude": 78.9, "latitude": 30.3, "altitude": 6, "totalamos": 4, "power": 5, "Name": "MIM-23", "Type": "Weapon + Missile", "Importance": 0.5, "Health": 1}], "blueCommNode": [{"name": "Blue.BlueForce_BlueCommander#0_BlueCommNode#0", "status": 2, "life": 10, "range": 250, "speed": 55, "longitude": 79.5, "latitude": 30.2, "altitude": 6, "totalamos": 0, "power": 0, "Name": "Jeep", "Type": "Ground + Vehicle", "Importance": 0.5, "Health": 1}], "blueRadar": [{"name": "Blue.BlueForce_BlueCommander#0_BlueRadar#0", "status": 2, "life": 10, "range": 250, "speed": 55, "longitude": 79.15, "latitude": 30.25, "altitude": 6, "totalamos": 0, "power": 0, "Name": "Jeep", "Type": "Ground + Vehicle", "Importance": 0.5, "Health": 1}, {"name": "Blue.BlueForce_BlueCommander#0_BlueRadar#1", "status": 2, "life": 10, "range": 250, "speed": 55, "longitude": 79.15, "latitude": 30.25, "altitude": 6, "totalamos": 0, "power": 0, "Name": "Jeep", "Type": "Ground + Vehicle", "Importance": 0.5, "Health": 1}], "blueUAV": [{"name": "Blue.BlueForce_BlueCommander#0_BlueUAV#0", "status": 2, "life": 10, "range": 1703, "speed": 250, "longitude": 79.80635374786254, "latitude": 30.859337590044433, "altitude": 0, "totalamos": 0, "power": 1, "Name": "MQ-1", "Type": "Air + FixedWing", "Importance": 0.5, "Health": 1}, {"name": "Blue.BlueForce_BlueCommander#0_BlueUAV#1", "status": 2, "life": 6, "range": 1703, "speed": 250, "longitude": 79.89537364790792, "latitude": 30.80966046075035, "altitude": 0, "totalamos": 0, "power": 1, "Name": "MQ-1", "Type": "Air + FixedWing", "Importance": 0.5, "Health": 0.6}, {"name": "Blue.BlueForce_BlueCommander#0_BlueUAV#2", "status": 2, "life": 6, "range": 1703, "speed": 250, "longitude": 79.97789926709208, "latitude": 30.75217678608157, "altitude": 0, "totalamos": 0, "power": 1, "Name": "MQ-1", "Type": "Air + FixedWing", "Importance": 0.5, "Health": 0.6}, {"name": "Blue.BlueForce_BlueCommander#0_BlueUAV#3", "status": 2, "life": 10, "range": 1703, "speed": 250, "longitude": 80.17767371762545, "latitude": 30.53934264132021, "altitude": 0, "totalamos": 0, "power": 1, "Name": "MQ-1", "Type": "Air + FixedWing", "Importance": 0.5, "Health": 1}, {"name": "Blue.BlueForce_BlueCommander#0_BlueUAV#4", "status": 2, "life": 10, "range": 1703, "speed": 250, "longitude": 80.22581124973074, "latitude": 30.45748654213699, "altitude": 0, "totalamos": 0, "power": 1, "Name": "MQ-1", "Type": "Air + FixedWing", "Importance": 0.5, "Health": 1}, {"name": "Blue.BlueForce_BlueCommander#0_BlueUAV#5", "status": 2, "life": 10, "range": 1703, "speed": 250, "longitude": 80.26371332330157, "latitude": 30.371623733541426, "altitude": 0, "totalamos": 0, "power": 1, "Name": "MQ-1", "Type": "Air + FixedWing", "Importance": 0.5, "Health": 1}]}}