{"step": 40, "time": 400.00000079999995, "gStepDelay": 0.166666667, "redSituation": {"redCommander": [{"name": "Red.RedForce_RedCommander#0", "status": 2, "life": 100, "range": 1000, "speed": 0, "longitude": 80.8, "latitude": 31, "altitude": 6, "totalamos": 0, "power": 0, "Name": "Jeep", "Type": "Ground + Static + Vehicle", "Importance": 1, "Health": 1}], "redCommanderMiddle": [{"name": "Red.RedForce_RedCommander#0_RedCommanderMiddle#0", "status": 2, "life": 10, "range": 92, "speed": 55, "longitude": 80.45, "latitude": 30.8, "altitude": 6, "totalamos": 0, "power": 0, "Name": "Jeep", "Type": "Ground + Static + Vehicle", "Importance": 0.5, "Health": 1}], "redAirArtillery": [{"name": "Red.RedForce_RedCommander#0_RedAirArtillery#0", "status": 2, "life": 10, "range": 40, "speed": 0, "longitude": 80.3, "latitude": 31.3, "altitude": 6, "totalamos": 400, "power": 99, "Name": "ZU-23", "Type": "Ground + AntiAircraft", "Importance": 0.5, "Health": 1}, {"name": "Red.RedForce_RedCommander#0_RedAirArtillery#1", "status": 2, "life": 10, "range": 40, "speed": 0, "longitude": 80.15, "latitude": 31.15, "altitude": 6, "totalamos": 390, "power": 99, "Name": "ZU-23", "Type": "Ground + AntiAircraft", "Importance": 0.5, "Health": 1}, {"name": "Red.RedForce_RedCommander#0_RedAirArtillery#2", "status": 2, "life": 10, "range": 40, "speed": 0, "longitude": 81, "latitude": 30.65, "altitude": 6, "totalamos": 400, "power": 99, "Name": "ZU-23", "Type": "Ground + AntiAircraft", "Importance": 0.5, "Health": 1}, {"name": "Red.RedForce_RedCommander#0_RedAirArtillery#3", "status": 2, "life": 10, "range": 40, "speed": 0, "longitude": 81.2, "latitude": 30.75, "altitude": 6, "totalamos": 400, "power": 99, "Name": "ZU-23", "Type": "Ground + AntiAircraft", "Importance": 0.5, "Health": 1}], "redRocketGun": [{"name": "Red.RedForce_RedCommander#0_RedRocketGun#0", "status": 2, "life": 10, "range": 2, "speed": 0, "longitude": 80.3, "latitude": 30.75, "altitude": 6, "totalamos": 320, "power": 3, "Name": "M257", "Type": "Weapon + Rocket", "Importance": 0.5, "Health": 1}, {"name": "Red.RedForce_RedCommander#0_RedRocketGun#1", "status": 2, "life": 10, "range": 2, "speed": 0, "longitude": 80.45, "latitude": 30.65, "altitude": 6, "totalamos": 320, "power": 3, "Name": "M257", "Type": "Weapon + Rocket", "Importance": 0.5, "Health": 1}, {"name": "Red.RedForce_RedCommander#0_RedRocketGun#2", "status": 2, "life": 10, "range": 2, "speed": 0, "longitude": 80.6, "latitude": 30.55, "altitude": 6, "totalamos": 320, "power": 3, "Name": "M257", "Type": "Weapon + Rocket", "Importance": 0.5, "Health": 1}, {"name": "Red.RedForce_RedCommander#0_RedRocketGun#3", "status": 2, "life": 10, "range": 2, "speed": 0, "longitude": 80.15, "latitude": 30.85, "altitude": 6, "totalamos": 320, "power": 3, "Name": "M257", "Type": "Weapon + Rocket", "Importance": 0.5, "Health": 1}, {"name": "Red.RedForce_RedCommander#0_RedRocketGun#4", "status": 2, "life": 10, "range": 2, "speed": 0, "longitude": 80, "latitude": 30.95, "altitude": 0, "totalamos": 320, "power": 3, "Name": "M257", "Type": "Weapon + Rocket", "Importance": 0.5, "Health": 1}], "redSAUGV": [{"name": "Red.RedForce_RedCommander#0_RedSAUGV#0", "status": 2, "life": 35, "range": 12, "speed": 55, "longitude": 80.32295056682379, "latitude": 30.45605520032032, "altitude": 0, "totalamos": 20000, "power": 4, "Name": "T-90", "Type": "Ground + Heavy + Armor + Vehicle + Tank", "Importance": 0.5, "Health": 3.5}, {"name": "Red.RedForce_RedCommander#0_RedSAUGV#1", "status": 2, "life": 35, "range": 12, "speed": 55, "longitude": 80.31495263785301, "latitude": 30.54458627997216, "altitude": 0, "totalamos": 19997, "power": 4, "Name": "T-90", "Type": "Ground + Heavy + Armor + Vehicle + Tank", "Importance": 0.5, "Health": 3.5}, {"name": "Red.RedForce_RedCommander#0_RedSAUGV#2", "status": 2, "life": 35, "range": 12, "speed": 55, "longitude": 80.09597270202879, "latitude": 30.62091134051852, "altitude": 0, "totalamos": 20000, "power": 4, "Name": "T-90", "Type": "Ground + Heavy + Armor + Vehicle + Tank", "Importance": 0.5, "Health": 3.5}, {"name": "Red.RedForce_RedCommander#0_RedSAUGV#3", "status": 2, "life": 35, "range": 12, "speed": 55, "longitude": 79.95906208954032, "latitude": 30.733124929013517, "altitude": 0, "totalamos": 19997, "power": 4, "Name": "T-90", "Type": "Ground + Heavy + Armor + Vehicle + Tank", "Importance": 0.5, "Health": 3.5}, {"name": "Red.RedForce_RedCommander#0_RedSAUGV#4", "status": 2, "life": 35, "range": 12, "speed": 55, "longitude": 79.88500478565648, "latitude": 30.81889715448597, "altitude": 0, "totalamos": 19998, "power": 4, "Name": "T-90", "Type": "Ground + Heavy + Armor + Vehicle + Tank", "Importance": 0.5, "Health": 3.5}, {"name": "Red.RedForce_RedCommander#0_RedSAUGV#5", "status": 2, "life": 35, "range": 12, "speed": 55, "longitude": 79.77455655084462, "latitude": 30.85811177680349, "altitude": 0, "totalamos": 20000, "power": 4, "Name": "T-90", "Type": "Ground + Heavy + Armor + Vehicle + Tank", "Importance": 0.5, "Health": 3.5}, {"name": "Red.RedForce_RedCommander#0_RedSAUGV#6", "status": 2, "life": 35, "range": 12, "speed": 55, "longitude": 80.41793140496402, "latitude": 30.513766886207687, "altitude": 0, "totalamos": 20000, "power": 4, "Name": "T-90", "Type": "Ground + Heavy + Armor + Vehicle + Tank", "Importance": 0.5, "Health": 3.5}, {"name": "Red.RedForce_RedCommander#0_RedSAUGV#7", "status": 2, "life": 35, "range": 12, "speed": 55, "longitude": 80.51933258682428, "latitude": 30.434779593864896, "altitude": 0, "totalamos": 20000, "power": 4, "Name": "T-90", "Type": "Ground + Heavy + Armor + Vehicle + Tank", "Importance": 0.5, "Health": 3.5}], "redRSUAVehicle": [{"name": "Red.RedForce_RedCommander#0_RedRSUAVehicle#0", "status": 2, "life": 10, "range": 0, "speed": 55, "longitude": 80.45, "latitude": 30.85, "altitude": 6, "totalamos": 0, "power": 0, "Name": "ZIL-131", "Type": "Air + Rotorcraft", "Importance": 0.5, "Health": 1}, {"name": "Red.RedForce_RedCommander#0_RedRSUAVehicle#1", "status": 2, "life": 10, "range": 0, "speed": 55, "longitude": 80.45, "latitude": 30.85, "altitude": 6, "totalamos": 0, "power": 0, "Name": "ZIL-131", "Type": "Air + Rotorcraft", "Importance": 0.5, "Health": 1}, {"name": "Red.RedForce_RedCommander#0_RedRSUAVehicle#2", "status": 2, "life": 10, "range": 0, "speed": 55, "longitude": 80.45, "latitude": 30.85, "altitude": 6, "totalamos": 0, "power": 0, "Name": "ZIL-131", "Type": "Air + Rotorcraft", "Importance": 0.5, "Health": 1}], "redRSUAV": [{"name": "Red.RedForce_RedCommander#0_RedRSUAVehicle#0.RedRSUAV#0", "status": 2, "life": 10, "range": 1370, "speed": 300, "longitude": 79.74087097581493, "latitude": 30.922234468585323, "altitude": 1, "totalamos": 0, "power": 0, "Name": "OH-58"}, {"name": "Red.RedForce_RedCommander#0_RedRSUAVehicle#1.RedRSUAV#0", "status": 2, "life": 10, "range": 1370, "speed": 300, "longitude": 79.4541438871242, "latitude": 30.348994118442622, "altitude": 1, "totalamos": 0, "power": 0, "Name": "OH-58"}, {"name": "Red.RedForce_RedCommander#0_RedRSUAVehicle#2.RedRSUAV#0", "status": 2, "life": 10, "range": 1370, "speed": 300, "longitude": 79.52584591046113, "latitude": 30.56789812874864, "altitude": 1, "totalamos": 0, "power": 0, "Name": "OH-58"}], "redFSUAVehicle": [{"name": "Red.RedForce_RedCommander#0_RedFSUAVehicle#0", "status": 2, "life": 10, "range": 0, "speed": 55, "longitude": 80.64, "latitude": 30.98, "altitude": 6, "totalamos": 0, "power": 0, "Name": "ZIL-131", "Type": "Ground + Vehicle + AircraftCarrier", "Importance": 0.5, "Health": 1}, {"name": "Red.RedForce_RedCommander#0_RedFSUAVehicle#1", "status": 2, "life": 10, "range": 0, "speed": 55, "longitude": 80.64, "latitude": 30.98, "altitude": 6, "totalamos": 0, "power": 0, "Name": "ZIL-131", "Type": "Ground + Vehicle + AircraftCarrier", "Importance": 0.5, "Health": 1}, {"name": "Red.RedForce_RedCommander#0_RedFSUAVehicle#2", "status": 2, "life": 10, "range": 0, "speed": 55, "longitude": 80.64, "latitude": 30.98, "altitude": 6, "totalamos": 0, "power": 0, "Name": "ZIL-131", "Type": "Ground + Vehicle + AircraftCarrier", "Importance": 0.5, "Health": 1}, {"name": "Red.RedForce_RedCommander#0_RedFSUAVehicle#3", "status": 2, "life": 10, "range": 0, "speed": 55, "longitude": 80.64, "latitude": 30.98, "altitude": 6, "totalamos": 0, "power": 0, "Name": "ZIL-131", "Type": "Ground + Vehicle + AircraftCarrier", "Importance": 0.5, "Health": 1}, {"name": "Red.RedForce_RedCommander#0_RedFSUAVehicle#4", "status": 2, "life": 10, "range": 0, "speed": 55, "longitude": 80.64, "latitude": 30.98, "altitude": 6, "totalamos": 0, "power": 0, "Name": "ZIL-131", "Type": "Ground + Vehicle + AircraftCarrier", "Importance": 0.5, "Health": 1}, {"name": "Red.RedForce_RedCommander#0_RedFSUAVehicle#5", "status": 2, "life": 10, "range": 0, "speed": 55, "longitude": 80.64, "latitude": 30.98, "altitude": 6, "totalamos": 0, "power": 0, "Name": "ZIL-131", "Type": "Ground + Vehicle + AircraftCarrier", "Importance": 0.5, "Health": 1}, {"name": "Red.RedForce_RedCommander#0_RedFSUAVehicle#6", "status": 2, "life": 10, "range": 0, "speed": 55, "longitude": 80.64, "latitude": 30.98, "altitude": 6, "totalamos": 0, "power": 0, "Name": "ZIL-131", "Type": "Ground + Vehicle + AircraftCarrier", "Importance": 0.5, "Health": 1}, {"name": "Red.RedForce_RedCommander#0_RedFSUAVehicle#7", "status": 2, "life": 10, "range": 0, "speed": 55, "longitude": 80.64, "latitude": 30.98, "altitude": 6, "totalamos": 0, "power": 0, "Name": "ZIL-131", "Type": "Ground + Vehicle + AircraftCarrier", "Importance": 0.5, "Health": 1}, {"name": "Red.RedForce_RedCommander#0_RedFSUAVehicle#8", "status": 2, "life": 10, "range": 0, "speed": 55, "longitude": 80.64, "latitude": 30.98, "altitude": 6, "totalamos": 0, "power": 0, "Name": "ZIL-131", "Type": "Ground + Vehicle + AircraftCarrier", "Importance": 0.5, "Health": 1}, {"name": "Red.RedForce_RedCommander#0_RedFSUAVehicle#9", "status": 2, "life": 10, "range": 0, "speed": 55, "longitude": 80.64, "latitude": 30.98, "altitude": 6, "totalamos": 0, "power": 0, "Name": "ZIL-131", "Type": "Ground + Vehicle + AircraftCarrier", "Importance": 0.5, "Health": 1}], "redFSUAV": [{"name": "Red.RedForce_RedCommander#0_RedFSUAVehicle#0.RedFSUAV#0", "status": 2, "life": 10, "range": 1370, "speed": 300, "longitude": 79.38589819328207, "latitude": 30.705733077461005, "altitude": 1, "totalamos": 0, "power": 0, "Name": "MQ-1", "Type": "Air + FixedWing"}, {"name": "Red.RedForce_RedCommander#0_RedFSUAVehicle#1.RedFSUAV#0", "status": 2, "life": 10, "range": 1370, "speed": 300, "longitude": 79.25185402965278, "latitude": 30.680537898912025, "altitude": 1, "totalamos": 0, "power": 0, "Name": "MQ-1", "Type": "Air + FixedWing"}, {"name": "Red.RedForce_RedCommander#0_RedFSUAVehicle#2.RedFSUAV#0", "status": 2, "life": 10, "range": 1370, "speed": 300, "longitude": 79.4771431141281, "latitude": 30.255043856329387, "altitude": 1, "totalamos": 0, "power": 0, "Name": "MQ-1", "Type": "Air + FixedWing"}, {"name": "Red.RedForce_RedCommander#0_RedFSUAVehicle#3.RedFSUAV#0", "status": 2, "life": 10, "range": 1370, "speed": 300, "longitude": 79.33784668946672, "latitude": 30.502519487326804, "altitude": 1, "totalamos": 0, "power": 0, "Name": "MQ-1", "Type": "Air + FixedWing"}, {"name": "Red.RedForce_RedCommander#0_RedFSUAVehicle#4.RedFSUAV#0", "status": 2, "life": 10, "range": 1370, "speed": 300, "longitude": 78.76638712650927, "latitude": 30.627185126471066, "altitude": 1, "totalamos": 0, "power": 0, "Name": "MQ-1", "Type": "Air + FixedWing"}, {"name": "Red.RedForce_RedCommander#0_RedFSUAVehicle#5.RedFSUAV#0", "status": 2, "life": 10, "range": 1370, "speed": 300, "longitude": 79.4890084972461, "latitude": 30.621229837520524, "altitude": 1, "totalamos": 0, "power": 0, "Name": "MQ-1", "Type": "Air + FixedWing"}, {"name": "Red.RedForce_RedCommander#0_RedFSUAVehicle#6.RedFSUAV#0", "status": 2, "life": 10, "range": 1370, "speed": 300, "longitude": 79.74934478557238, "latitude": 30.440076890641233, "altitude": 1, "totalamos": 0, "power": 0, "Name": "MQ-1", "Type": "Air + FixedWing"}, {"name": "Red.RedForce_RedCommander#0_RedFSUAVehicle#7.RedFSUAV#0", "status": 2, "life": 10, "range": 1370, "speed": 300, "longitude": 79.94242891844037, "latitude": 30.442432412579524, "altitude": 1, "totalamos": 0, "power": 0, "Name": "MQ-1", "Type": "Air + FixedWing"}, {"name": "Red.RedForce_RedCommander#0_RedFSUAVehicle#8.RedFSUAV#0", "status": 2, "life": 10, "range": 1370, "speed": 300, "longitude": 79.90643497481524, "latitude": 30.317116669993034, "altitude": 1, "totalamos": 0, "power": 0, "Name": "MQ-1", "Type": "Air + FixedWing"}, {"name": "Red.RedForce_RedCommander#0_RedFSUAVehicle#9.RedFSUAV#0", "status": 2, "life": 10, "range": 1370, "speed": 300, "longitude": 80.32115504152395, "latitude": 30.064714780742616, "altitude": 1, "totalamos": 0, "power": 0, "Name": "MQ-1", "Type": "Air + FixedWing"}], "redArCMUGV": [{"name": "Red.RedForce_RedCommander#0_RedArCMUGV#0", "status": 2, "life": 10, "range": 500, "speed": 55, "longitude": 80.8, "latitude": 30.9, "altitude": 6, "totalamos": 6, "power": 0, "Name": "KrAZ-255", "Type": "Weapon + Missile", "Importance": 0.5, "Health": 1}, {"name": "Red.RedForce_RedCommander#0_RedArCMUGV#1", "status": 2, "life": 10, "range": 500, "speed": 55, "longitude": 80.7, "latitude": 30.94, "altitude": 6, "totalamos": 6, "power": 0, "Name": "KrAZ-255", "Type": "Weapon + Missile", "Importance": 0.5, "Health": 1}], "redInCMUGV": [{"name": "Red.RedForce_RedCommander#0_RedInCMUGV#0", "status": 2, "life": 10, "range": 500, "speed": 55, "longitude": 80.9, "latitude": 30.86, "altitude": 6, "totalamos": 10, "power": 0, "Name": "KrAZ-255", "Type": "Weapon + Missile", "Importance": 0.5, "Health": 1}], "redAJUGV": [{"name": "Red.RedForce_RedCommander#0_RedAJUGV#0", "status": 2, "life": 10, "range": 92, "speed": 55, "longitude": 80.32156037474468, "latitude": 30.63746580446018, "altitude": 0, "totalamos": 0, "power": 0, "Name": "P-15", "Type": "Ground + Vehicle", "Importance": 0.5, "Health": 1}], "redArCMissle": [{"name": "Red.RedForce_RedCommander#0_RedArCMUGV#0.RedArCMissile#0", "status": 0, "life": 10, "range": 500, "speed": 700, "longitude": 79, "latitude": 30.6, "altitude": 0, "totalamos": 0, "power": 8, "Name": "SCUD"}, {"name": "Red.RedForce_RedCommander#0_RedArCMUGV#0.RedArCMissile#1", "status": 2, "life": 10, "range": 500, "speed": 700, "longitude": 80.8, "latitude": 30.9, "altitude": 6, "totalamos": 1, "power": 8, "Name": "SCUD"}, {"name": "Red.RedForce_RedCommander#0_RedArCMUGV#0.RedArCMissile#2", "status": 0, "life": 10, "range": 500, "speed": 700, "longitude": 79, "latitude": 30.55, "altitude": 0, "totalamos": 0, "power": 8, "Name": "SCUD"}, {"name": "Red.RedForce_RedCommander#0_RedArCMUGV#0.RedArCMissile#3", "status": 0, "life": 10, "range": 500, "speed": 700, "longitude": 78.7, "latitude": 30.7, "altitude": 0, "totalamos": 0, "power": 8, "Name": "SCUD"}, {"name": "Red.RedForce_RedCommander#0_RedArCMUGV#0.RedArCMissile#4", "status": 2, "life": 10, "range": 500, "speed": 700, "longitude": 80.8, "latitude": 30.9, "altitude": 6, "totalamos": 1, "power": 8, "Name": "SCUD"}, {"name": "Red.RedForce_RedCommander#0_RedArCMUGV#0.RedArCMissile#5", "status": 0, "life": 10, "range": 500, "speed": 700, "longitude": 79.9, "latitude": 30.15, "altitude": 0, "totalamos": 0, "power": 8, "Name": "SCUD"}, {"name": "Red.RedForce_RedCommander#0_RedArCMUGV#1.RedArCMissile#0", "status": 0, "life": 10, "range": 500, "speed": 700, "longitude": 79.9, "latitude": 30.2, "altitude": 0, "totalamos": 0, "power": 8, "Name": "SCUD"}, {"name": "Red.RedForce_RedCommander#0_RedArCMUGV#1.RedArCMissile#1", "status": 0, "life": 10, "range": 500, "speed": 700, "longitude": 79.6, "latitude": 30.35, "altitude": 0, "totalamos": 0, "power": 8, "Name": "SCUD"}, {"name": "Red.RedForce_RedCommander#0_RedArCMUGV#1.RedArCMissile#2", "status": 0, "life": 10, "range": 500, "speed": 700, "longitude": 78.7, "latitude": 30.75, "altitude": 0, "totalamos": 0, "power": 8, "Name": "SCUD"}, {"name": "Red.RedForce_RedCommander#0_RedArCMUGV#1.RedArCMissile#3", "status": 0, "life": 10, "range": 500, "speed": 700, "longitude": 79.3, "latitude": 30.5, "altitude": 0, "totalamos": 0, "power": 8, "Name": "SCUD"}, {"name": "Red.RedForce_RedCommander#0_RedArCMUGV#1.RedArCMissile#4", "status": 0, "life": 10, "range": 500, "speed": 700, "longitude": 79.25, "latitude": 30.15, "altitude": 0, "totalamos": 0, "power": 8, "Name": "SCUD"}, {"name": "Red.RedForce_RedCommander#0_RedArCMUGV#1.RedArCMissile#5", "status": 0, "life": 10, "range": 500, "speed": 700, "longitude": 80.2, "latitude": 30.05, "altitude": 0, "totalamos": 0, "power": 8, "Name": "SCUD"}], "redInCMissle": [{"name": "Red.RedForce_RedCommander#0_RedInCMUGV#0.RedInCMissile#0", "status": 0, "life": 10, "range": 500, "speed": 700, "longitude": 80.5016970663636, "latitude": 29.904115383681617, "altitude": 1, "totalamos": 0, "power": 8, "Name": "SCUD"}, {"name": "Red.RedForce_RedCommander#0_RedInCMUGV#0.RedInCMissile#1", "status": 0, "life": 10, "range": 500, "speed": 700, "longitude": 79.9, "latitude": 30.2, "altitude": 0, "totalamos": 0, "power": 8, "Name": "SCUD"}, {"name": "Red.RedForce_RedCommander#0_RedInCMUGV#0.RedInCMissile#2", "status": 0, "life": 10, "range": 500, "speed": 700, "longitude": 79.6, "latitude": 30.3, "altitude": 0, "totalamos": 0, "power": 8, "Name": "SCUD"}, {"name": "Red.RedForce_RedCommander#0_RedInCMUGV#0.RedInCMissile#3", "status": 0, "life": 10, "range": 500, "speed": 700, "longitude": 79.6, "latitude": 30.35, "altitude": 0, "totalamos": 0, "power": 8, "Name": "SCUD"}, {"name": "Red.RedForce_RedCommander#0_RedInCMUGV#0.RedInCMissile#4", "status": 0, "life": 10, "range": 500, "speed": 700, "longitude": 79.3, "latitude": 30.5, "altitude": 0, "totalamos": 0, "power": 8, "Name": "SCUD"}, {"name": "Red.RedForce_RedCommander#0_RedInCMUGV#0.RedInCMissile#5", "status": 0, "life": 10, "range": 500, "speed": 700, "longitude": 79.6, "latitude": 30.3, "altitude": 0, "totalamos": 0, "power": 8, "Name": "SCUD"}, {"name": "Red.RedForce_RedCommander#0_RedInCMUGV#0.RedInCMissile#6", "status": 2, "life": 10, "range": 500, "speed": 700, "longitude": 80.9, "latitude": 30.86, "altitude": 6, "totalamos": 1, "power": 8, "Name": "SCUD"}, {"name": "Red.RedForce_RedCommander#0_RedInCMUGV#0.RedInCMissile#7", "status": 0, "life": 10, "range": 500, "speed": 700, "longitude": 79.3, "latitude": 30.45, "altitude": 0, "totalamos": 0, "power": 8, "Name": "SCUD"}, {"name": "Red.RedForce_RedCommander#0_RedInCMUGV#0.RedInCMissile#8", "status": 2, "life": 10, "range": 500, "speed": 700, "longitude": 80.9, "latitude": 30.86, "altitude": 6, "totalamos": 1, "power": 8, "Name": "SCUD"}, {"name": "Red.RedForce_RedCommander#0_RedInCMUGV#0.RedInCMissile#9", "status": 2, "life": 10, "range": 500, "speed": 700, "longitude": 80.9, "latitude": 30.86, "altitude": 6, "totalamos": 1, "power": 8, "Name": "SCUD"}], "redSuicideUAV": [{"name": "Red.RedForce_RedCommander#0_RedsuicideUAV#0", "status": 2, "life": 10, "range": 10, "speed": 425, "longitude": 80.45, "latitude": 30.85, "altitude": 6, "totalamos": 1, "power": 6, "Name": "MQ-1", "Type": "Air + FixedWing", "Importance": 0.5, "Health": 1}, {"name": "Red.RedForce_RedCommander#0_RedsuicideUAV#1", "status": 0, "life": 10, "range": 10, "speed": 425, "longitude": 79.90560206822141, "latitude": 30.212212255584994, "altitude": 0, "totalamos": 0, "power": 6, "Name": "MQ-1", "Type": "Air + FixedWing", "Importance": 0.5, "Health": 1}, {"name": "Red.RedForce_RedCommander#0_RedsuicideUAV#2", "status": 2, "life": 10, "range": 10, "speed": 425, "longitude": 79.36994343323032, "latitude": 30.664529152335806, "altitude": 0, "totalamos": 1, "power": 6, "Name": "MQ-1", "Type": "Air + FixedWing", "Importance": 0.5, "Health": 1}, {"name": "Red.RedForce_RedCommander#0_RedsuicideUAV#3", "status": 2, "life": 10, "range": 10, "speed": 425, "longitude": 79.35014837798572, "latitude": 30.78924479201723, "altitude": 0, "totalamos": 1, "power": 6, "Name": "MQ-1", "Type": "Air + FixedWing", "Importance": 0.5, "Health": 1}, {"name": "Red.RedForce_RedCommander#0_RedsuicideUAV#4", "status": 2, "life": 10, "range": 10, "speed": 425, "longitude": 79.37912627064995, "latitude": 30.6293715384215, "altitude": 0, "totalamos": 1, "power": 6, "Name": "MQ-1", "Type": "Air + FixedWing", "Importance": 0.5, "Health": 1}, {"name": "Red.RedForce_RedCommander#0_RedsuicideUAV#5", "status": 2, "life": 10, "range": 10, "speed": 425, "longitude": 79.35325300949656, "latitude": 30.758163592563807, "altitude": 0, "totalamos": 1, "power": 6, "Name": "MQ-1", "Type": "Air + FixedWing", "Importance": 0.5, "Health": 1}, {"name": "Red.RedForce_RedCommander#0_RedsuicideUAV#6", "status": 2, "life": 10, "range": 10, "speed": 425, "longitude": 80.45, "latitude": 30.85, "altitude": 6, "totalamos": 1, "power": 6, "Name": "MQ-1", "Type": "Air + FixedWing", "Importance": 0.5, "Health": 1}, {"name": "Red.RedForce_RedCommander#0_RedsuicideUAV#7", "status": 2, "life": 10, "range": 10, "speed": 425, "longitude": 78.67007082080517, "latitude": 30.508180484319436, "altitude": 0, "totalamos": 1, "power": 6, "Name": "MQ-1", "Type": "Air + FixedWing", "Importance": 0.5, "Health": 1}, {"name": "Red.RedForce_RedCommander#0_RedsuicideUAV#8", "status": 0, "life": 10, "range": 10, "speed": 425, "longitude": 79.90512810659882, "latitude": 30.162365993780444, "altitude": 0, "totalamos": 0, "power": 6, "Name": "MQ-1", "Type": "Air + FixedWing", "Importance": 0.5, "Health": 1}, {"name": "Red.RedForce_RedCommander#0_RedsuicideUAV#9", "status": 2, "life": 10, "range": 10, "speed": 425, "longitude": 79.6147155286964, "latitude": 30.31054854651363, "altitude": 0, "totalamos": 1, "power": 6, "Name": "MQ-1", "Type": "Air + FixedWing", "Importance": 0.5, "Health": 1}]}, "blueSituation": {"blueCommander": [{"name": "Blue.BlueForce_BlueCommander#0", "status": 2, "life": 100, "range": 10, "speed": 0, "longitude": 79.2, "latitude": 30.2, "altitude": 6, "totalamos": 0, "power": 0, "Name": "Jeep", "Type": "Ground + Static + Vehicle", "Importance": 1, "Health": 1}], "blueUAVehicle": [{"name": "Blue.BlueForce_BlueCommander#0_BlueUAVehicle#0", "status": 2, "life": 10, "range": 92, "speed": 55, "longitude": 79.3, "latitude": 30.1, "altitude": 6, "totalamos": 0, "power": 1, "Name": "ZIL-131", "Type": "Ground + Vehicle", "Importance": 0.5, "Health": 1}], "blueCommandVehicle": [], "blueCommandMiddle": [{"name": "Blue.BlueForce_BlueCommander#0_BlueCommandMiddle#0", "status": 2, "life": 20, "range": 92, "speed": 55, "longitude": 79.05, "latitude": 30.115, "altitude": 6, "totalamos": 0, "power": 0, "Name": "Jeep", "Type": "Ground + Vehicle", "Importance": 0.5, "Health": 1}, {"name": "Blue.BlueForce_BlueCommander#0_BlueCommandMiddle#1", "status": 2, "life": 20, "range": 92, "speed": 55, "longitude": 79.05, "latitude": 30.115, "altitude": 6, "totalamos": 0, "power": 0, "Name": "Jeep", "Type": "Ground + Vehicle", "Importance": 0.5, "Health": 1}, {"name": "Blue.BlueForce_BlueCommander#0_BlueCommandMiddle#2", "status": 2, "life": 20, "range": 92, "speed": 55, "longitude": 79.05, "latitude": 30.115, "altitude": 6, "totalamos": 0, "power": 0, "Name": "Jeep", "Type": "Ground + Vehicle", "Importance": 0.5, "Health": 1}, {"name": "Blue.BlueForce_BlueCommander#0_BlueCommandMiddle#3", "status": 2, "life": 20, "range": 92, "speed": 55, "longitude": 79.05, "latitude": 30.115, "altitude": 6, "totalamos": 0, "power": 0, "Name": "Jeep", "Type": "Ground + Vehicle", "Importance": 0.5, "Health": 1}], "blueInfantry": [{"name": "Blue.BlueForce_BlueCommander#0_BlueInfantry#0", "status": 0, "life": -4, "range": 10, "speed": 15, "longitude": 79.90720930625328, "latitude": 30.215699234383408, "altitude": 0, "totalamos": 96, "power": 1, "Name": "Infantry", "Type": "Ground + Light + Human + Infantry", "Importance": 0.5, "Health": -0.4}, {"name": "Blue.BlueForce_BlueCommander#0_BlueInfantry#1", "status": 2, "life": 2, "range": 10, "speed": 15, "longitude": 79.61881711057151, "latitude": 30.361483953303445, "altitude": 0, "totalamos": 96, "power": 1, "Name": "Infantry", "Type": "Ground + Light + Human + Infantry", "Importance": 0.5, "Health": 0.2}, {"name": "Blue.BlueForce_BlueCommander#0_BlueInfantry#2", "status": 2, "life": 2, "range": 10, "speed": 15, "longitude": 79.32247165901794, "latitude": 30.50454006581678, "altitude": 0, "totalamos": 96, "power": 1, "Name": "Infantry", "Type": "Ground + Light + Human + Infantry", "Importance": 0.5, "Health": 0.2}, {"name": "Blue.BlueForce_BlueCommander#0_BlueInfantry#3", "status": 2, "life": 2, "range": 10, "speed": 15, "longitude": 79.26891093400832, "latitude": 30.16132631817301, "altitude": 0, "totalamos": 96, "power": 1, "Name": "Infantry", "Type": "Ground + Light + Human + Infantry", "Importance": 0.5, "Health": 0.2}, {"name": "Blue.BlueForce_BlueCommander#0_BlueInfantry#4", "status": 2, "life": 2, "range": 10, "speed": 15, "longitude": 80.19720741086921, "latitude": 30.0697431726931, "altitude": 0, "totalamos": 96, "power": 1, "Name": "Infantry", "Type": "Ground + Light + Human + Infantry", "Importance": 0.5, "Health": 0.2}, {"name": "Blue.BlueForce_BlueCommander#0_BlueInfantry#5", "status": 2, "life": 2, "range": 10, "speed": 15, "longitude": 80.49081746018733, "latitude": 29.91822785997943, "altitude": 0, "totalamos": 96, "power": 1, "Name": "Infantry", "Type": "Ground + Light + Human + Infantry", "Importance": 0.5, "Health": 0.2}, {"name": "Blue.BlueForce_BlueCommander#0_BlueInfantry#6", "status": 2, "life": 2, "range": 10, "speed": 15, "longitude": 79.02305157820501, "latitude": 30.601376398738285, "altitude": 0, "totalamos": 96, "power": 1, "Name": "Infantry", "Type": "Ground + Light + Human + Infantry", "Importance": 0.5, "Health": 0.2}, {"name": "Blue.BlueForce_BlueCommander#0_BlueInfantry#7", "status": 2, "life": 2, "range": 10, "speed": 15, "longitude": 78.72309343108431, "latitude": 30.74868504742609, "altitude": 0, "totalamos": 96, "power": 1, "Name": "Infantry", "Type": "Ground + Light + Human + Infantry", "Importance": 0.5, "Health": 0.2}, {"name": "Blue.BlueForce_BlueCommander#0_BlueInfantry#8", "status": 2, "life": 2, "range": 10, "speed": 15, "longitude": 79.90849753028199, "latitude": 30.2184879930731, "altitude": 0, "totalamos": 96, "power": 1, "Name": "Infantry", "Type": "Ground + Light + Human + Infantry", "Importance": 0.5, "Health": 0.2}, {"name": "Blue.BlueForce_BlueCommander#0_BlueInfantry#9", "status": 2, "life": 2, "range": 10, "speed": 15, "longitude": 79.61881711057151, "latitude": 30.361483953303445, "altitude": 0, "totalamos": 96, "power": 1, "Name": "Infantry", "Type": "Ground + Light + Human + Infantry", "Importance": 0.5, "Health": 0.2}, {"name": "Blue.BlueForce_BlueCommander#0_BlueInfantry#10", "status": 2, "life": 2, "range": 10, "speed": 15, "longitude": 79.32247165901794, "latitude": 30.50454006581678, "altitude": 0, "totalamos": 96, "power": 1, "Name": "Infantry", "Type": "Ground + Light + Human + Infantry", "Importance": 0.5, "Health": 0.2}, {"name": "Blue.BlueForce_BlueCommander#0_BlueInfantry#11", "status": 2, "life": 2, "range": 10, "speed": 15, "longitude": 79.61780914210188, "latitude": 30.312617009795346, "altitude": 0, "totalamos": 96, "power": 1, "Name": "Infantry", "Type": "Ground + Light + Human + Infantry", "Importance": 0.5, "Health": 0.2}], "blueArtillery": [{"name": "Blue.BlueForce_BlueCommander#0_BlueArtillery#0", "status": 0, "life": -4, "range": 29, "speed": 15, "longitude": 79.9065915526102, "latitude": 30.165899706609597, "altitude": 0, "totalamos": 560, "power": 2, "Name": "BGM-71B", "Type": "Weapon + Projectile", "Importance": 0.5, "Health": -0.4}, {"name": "Blue.BlueForce_BlueCommander#0_BlueArtillery#1", "status": 2, "life": 2, "range": 29, "speed": 15, "longitude": 79.61780914210188, "latitude": 30.312617009795346, "altitude": 0, "totalamos": 560, "power": 2, "Name": "BGM-71B", "Type": "Weapon + Projectile", "Importance": 0.5, "Health": 0.2}, {"name": "Blue.BlueForce_BlueCommander#0_BlueArtillery#2", "status": 2, "life": 2, "range": 29, "speed": 15, "longitude": 79.32206099794828, "latitude": 30.4558181952711, "altitude": 0, "totalamos": 560, "power": 2, "Name": "BGM-71B", "Type": "Weapon + Projectile", "Importance": 0.5, "Health": 0.2}, {"name": "Blue.BlueForce_BlueCommander#0_BlueArtillery#3", "status": 2, "life": 10, "range": 29, "speed": 15, "longitude": 80.19741819425721, "latitude": 30.019764965613014, "altitude": 0, "totalamos": 560, "power": 2, "Name": "BGM-71B", "Type": "Weapon + Projectile", "Importance": 0.5, "Health": 1}, {"name": "Blue.BlueForce_BlueCommander#0_BlueArtillery#4", "status": 2, "life": 10, "range": 29, "speed": 15, "longitude": 80.49130383586636, "latitude": 29.86840515549526, "altitude": 0, "totalamos": 560, "power": 2, "Name": "BGM-71B", "Type": "Weapon + Projectile", "Importance": 0.5, "Health": 1}, {"name": "Blue.BlueForce_BlueCommander#0_BlueArtillery#5", "status": 2, "life": 2, "range": 29, "speed": 15, "longitude": 79.02292668135289, "latitude": 30.552400081589365, "altitude": 0, "totalamos": 560, "power": 2, "Name": "BGM-71B", "Type": "Weapon + Projectile", "Importance": 0.5, "Health": 0.2}, {"name": "Blue.BlueForce_BlueCommander#0_BlueArtillery#6", "status": 2, "life": 2, "range": 29, "speed": 15, "longitude": 78.72312491818994, "latitude": 30.699500042055526, "altitude": 0, "totalamos": 560, "power": 2, "Name": "BGM-71B", "Type": "Weapon + Projectile", "Importance": 0.5, "Health": 0.2}, {"name": "Blue.BlueForce_BlueCommander#0_BlueArtillery#7", "status": 2, "life": 10, "range": 29, "speed": 15, "longitude": 79.9077613875303, "latitude": 30.16872697382877, "altitude": 0, "totalamos": 560, "power": 2, "Name": "BGM-71B", "Type": "Weapon + Projectile", "Importance": 0.5, "Health": 1}], "blueArchibald": [{"name": "Blue.BlueForce_BlueCommander#0_BlueArchibald#0", "status": 2, "life": 10, "range": 2, "speed": 55, "longitude": 79.1, "latitude": 30.075, "altitude": 6, "totalamos": 100, "power": 2, "Name": "MIM-23", "Type": "Weapon + Projectile", "Importance": 0.5, "Health": 1}, {"name": "Blue.BlueForce_BlueCommander#0_BlueArchibald#1", "status": 2, "life": 10, "range": 2, "speed": 55, "longitude": 78.95, "latitude": 30.225, "altitude": 6, "totalamos": 100, "power": 2, "Name": "MIM-23", "Type": "Weapon + Projectile", "Importance": 0.5, "Health": 1}], "blueADLanucher": [{"name": "Blue.BlueForce_BlueCommander#0_BlueADLanucher#0", "status": 2, "life": 10, "range": 2, "speed": 0, "longitude": 79.2, "latitude": 30, "altitude": 6, "totalamos": 4, "power": 5, "Name": "MIM-23", "Type": "Weapon + Missile", "Importance": 0.5, "Health": 1}, {"name": "Blue.BlueForce_BlueCommander#0_BlueADLanucher#1", "status": 2, "life": 10, "range": 2, "speed": 0, "longitude": 79, "latitude": 30.15, "altitude": 6, "totalamos": 4, "power": 5, "Name": "MIM-23", "Type": "Weapon + Missile", "Importance": 0.5, "Health": 1}, {"name": "Blue.BlueForce_BlueCommander#0_BlueADLanucher#2", "status": 2, "life": 10, "range": 2, "speed": 0, "longitude": 78.9, "latitude": 30.3, "altitude": 6, "totalamos": 4, "power": 5, "Name": "MIM-23", "Type": "Weapon + Missile", "Importance": 0.5, "Health": 1}], "blueCommNode": [{"name": "Blue.BlueForce_BlueCommander#0_BlueCommNode#0", "status": 2, "life": 10, "range": 250, "speed": 55, "longitude": 79.5, "latitude": 30.2, "altitude": 6, "totalamos": 0, "power": 0, "Name": "Jeep", "Type": "Ground + Vehicle", "Importance": 0.5, "Health": 1}], "blueRadar": [{"name": "Blue.BlueForce_BlueCommander#0_BlueRadar#0", "status": 2, "life": 10, "range": 250, "speed": 55, "longitude": 79.15, "latitude": 30.25, "altitude": 6, "totalamos": 0, "power": 0, "Name": "Jeep", "Type": "Ground + Vehicle", "Importance": 0.5, "Health": 1}, {"name": "Blue.BlueForce_BlueCommander#0_BlueRadar#1", "status": 2, "life": 10, "range": 250, "speed": 55, "longitude": 79.15, "latitude": 30.25, "altitude": 6, "totalamos": 0, "power": 0, "Name": "Jeep", "Type": "Ground + Vehicle", "Importance": 0.5, "Health": 1}], "blueUAV": [{"name": "Blue.BlueForce_BlueCommander#0_BlueUAV#0", "status": 0, "life": -89, "range": 1703, "speed": 250, "longitude": 79.87538383385919, "latitude": 30.96238867923757, "altitude": 0, "totalamos": 0, "power": 1, "Name": "MQ-1", "Type": "Air + FixedWing", "Importance": 0.5, "Health": -8.9}, {"name": "Blue.BlueForce_BlueCommander#0_BlueUAV#1", "status": 0, "life": -93, "range": 1703, "speed": 250, "longitude": 79.93806974023833, "latitude": 30.860349029521586, "altitude": 0, "totalamos": 0, "power": 1, "Name": "MQ-1", "Type": "Air + FixedWing", "Importance": 0.5, "Health": -9.3}, {"name": "Blue.BlueForce_BlueCommander#0_BlueUAV#2", "status": 0, "life": -2, "range": 1703, "speed": 250, "longitude": 80.0264974125814, "latitude": 30.79875909196753, "altitude": 0, "totalamos": 0, "power": 1, "Name": "MQ-1", "Type": "Air + FixedWing", "Importance": 0.5, "Health": -0.2}, {"name": "Blue.BlueForce_BlueCommander#0_BlueUAV#3", "status": 0, "life": -2, "range": 1703, "speed": 250, "longitude": 80.29709343354195, "latitude": 30.59896456664913, "altitude": 0, "totalamos": 0, "power": 1, "Name": "MQ-1", "Type": "Air + FixedWing", "Importance": 0.5, "Health": -0.2}, {"name": "Blue.BlueForce_BlueCommander#0_BlueUAV#4", "status": 2, "life": 10, "range": 1703, "speed": 250, "longitude": 80.58381879055302, "latitude": 30.595368759525922, "altitude": 0, "totalamos": 0, "power": 1, "Name": "MQ-1", "Type": "Air + FixedWing", "Importance": 0.5, "Health": 1}, {"name": "Blue.BlueForce_BlueCommander#0_BlueUAV#5", "status": 2, "life": 10, "range": 1703, "speed": 250, "longitude": 80.63614746116221, "latitude": 30.476388540936977, "altitude": 0, "totalamos": 0, "power": 1, "Name": "MQ-1", "Type": "Air + FixedWing", "Importance": 0.5, "Health": 1}]}}