{"step": 55, "time": 550.0000011, "gStepDelay": 0.166666667, "redSituation": {"redCommander": [{"name": "Red.RedForce_RedCommander#0", "status": 2, "life": 100, "range": 1000, "speed": 0, "longitude": 80.8, "latitude": 31, "altitude": 6, "totalamos": 0, "power": 0, "Name": "Jeep", "Type": "Ground + Static + Vehicle", "Importance": 1, "Health": 1}], "redCommanderMiddle": [{"name": "Red.RedForce_RedCommander#0_RedCommanderMiddle#0", "status": 2, "life": 10, "range": 92, "speed": 55, "longitude": 80.45, "latitude": 30.8, "altitude": 6, "totalamos": 0, "power": 0, "Name": "Jeep", "Type": "Ground + Static + Vehicle", "Importance": 0.5, "Health": 1}], "redAirArtillery": [{"name": "Red.RedForce_RedCommander#0_RedAirArtillery#0", "status": 2, "life": 10, "range": 40, "speed": 0, "longitude": 80.3, "latitude": 31.3, "altitude": 6, "totalamos": 400, "power": 99, "Name": "ZU-23", "Type": "Ground + AntiAircraft", "Importance": 0.5, "Health": 1}, {"name": "Red.RedForce_RedCommander#0_RedAirArtillery#1", "status": 2, "life": 10, "range": 40, "speed": 0, "longitude": 80.15, "latitude": 31.15, "altitude": 6, "totalamos": 390, "power": 99, "Name": "ZU-23", "Type": "Ground + AntiAircraft", "Importance": 0.5, "Health": 1}, {"name": "Red.RedForce_RedCommander#0_RedAirArtillery#2", "status": 2, "life": 10, "range": 40, "speed": 0, "longitude": 81, "latitude": 30.65, "altitude": 6, "totalamos": 390, "power": 99, "Name": "ZU-23", "Type": "Ground + AntiAircraft", "Importance": 0.5, "Health": 1}, {"name": "Red.RedForce_RedCommander#0_RedAirArtillery#3", "status": 2, "life": 10, "range": 40, "speed": 0, "longitude": 81.2, "latitude": 30.75, "altitude": 6, "totalamos": 400, "power": 99, "Name": "ZU-23", "Type": "Ground + AntiAircraft", "Importance": 0.5, "Health": 1}], "redRocketGun": [{"name": "Red.RedForce_RedCommander#0_RedRocketGun#0", "status": 2, "life": 10, "range": 2, "speed": 0, "longitude": 80.3, "latitude": 30.75, "altitude": 6, "totalamos": 320, "power": 3, "Name": "M257", "Type": "Weapon + Rocket", "Importance": 0.5, "Health": 1}, {"name": "Red.RedForce_RedCommander#0_RedRocketGun#1", "status": 2, "life": 10, "range": 2, "speed": 0, "longitude": 80.45, "latitude": 30.65, "altitude": 6, "totalamos": 320, "power": 3, "Name": "M257", "Type": "Weapon + Rocket", "Importance": 0.5, "Health": 1}, {"name": "Red.RedForce_RedCommander#0_RedRocketGun#2", "status": 2, "life": 10, "range": 2, "speed": 0, "longitude": 80.6, "latitude": 30.55, "altitude": 6, "totalamos": 320, "power": 3, "Name": "M257", "Type": "Weapon + Rocket", "Importance": 0.5, "Health": 1}, {"name": "Red.RedForce_RedCommander#0_RedRocketGun#3", "status": 2, "life": 10, "range": 2, "speed": 0, "longitude": 80.15, "latitude": 30.85, "altitude": 6, "totalamos": 320, "power": 3, "Name": "M257", "Type": "Weapon + Rocket", "Importance": 0.5, "Health": 1}, {"name": "Red.RedForce_RedCommander#0_RedRocketGun#4", "status": 2, "life": 10, "range": 2, "speed": 0, "longitude": 80, "latitude": 30.95, "altitude": 0, "totalamos": 320, "power": 3, "Name": "M257", "Type": "Weapon + Rocket", "Importance": 0.5, "Health": 1}], "redSAUGV": [{"name": "Red.RedForce_RedCommander#0_RedSAUGV#0", "status": 2, "life": 35, "range": 12, "speed": 55, "longitude": 80.10963435854755, "latitude": 30.43137927919385, "altitude": 0, "totalamos": 20000, "power": 4, "Name": "T-90", "Type": "Ground + Heavy + Armor + Vehicle + Tank", "Importance": 0.5, "Health": 3.5}, {"name": "Red.RedForce_RedCommander#0_RedSAUGV#1", "status": 2, "life": 35, "range": 12, "speed": 55, "longitude": 80.29415447151595, "latitude": 30.396587925229117, "altitude": 0, "totalamos": 19997, "power": 4, "Name": "T-90", "Type": "Ground + Heavy + Armor + Vehicle + Tank", "Importance": 0.5, "Health": 3.5}, {"name": "Red.RedForce_RedCommander#0_RedSAUGV#2", "status": 2, "life": 35, "range": 12, "speed": 55, "longitude": 79.95843089391184, "latitude": 30.499830378365438, "altitude": 0, "totalamos": 20000, "power": 4, "Name": "T-90", "Type": "Ground + Heavy + Armor + Vehicle + Tank", "Importance": 0.5, "Health": 3.5}, {"name": "Red.RedForce_RedCommander#0_RedSAUGV#3", "status": 2, "life": 35, "range": 12, "speed": 55, "longitude": 79.82958629610503, "latitude": 30.584488459757758, "altitude": 0, "totalamos": 19997, "power": 4, "Name": "T-90", "Type": "Ground + Heavy + Armor + Vehicle + Tank", "Importance": 0.5, "Health": 3.5}, {"name": "Red.RedForce_RedCommander#0_RedSAUGV#4", "status": 2, "life": 35, "range": 12, "speed": 55, "longitude": 79.7986820362769, "latitude": 30.648579033824678, "altitude": 0, "totalamos": 19998, "power": 4, "Name": "T-90", "Type": "Ground + Heavy + Armor + Vehicle + Tank", "Importance": 0.5, "Health": 3.5}, {"name": "Red.RedForce_RedCommander#0_RedSAUGV#5", "status": 2, "life": 35, "range": 12, "speed": 55, "longitude": 79.62050801924576, "latitude": 30.728126948586805, "altitude": 0, "totalamos": 20000, "power": 4, "Name": "T-90", "Type": "Ground + Heavy + Armor + Vehicle + Tank", "Importance": 0.5, "Health": 3.5}, {"name": "Red.RedForce_RedCommander#0_RedSAUGV#6", "status": 2, "life": 35, "range": 12, "speed": 55, "longitude": 80.20467925518106, "latitude": 30.54054677241781, "altitude": 0, "totalamos": 20000, "power": 4, "Name": "T-90", "Type": "Ground + Heavy + Armor + Vehicle + Tank", "Importance": 0.5, "Health": 3.5}, {"name": "Red.RedForce_RedCommander#0_RedSAUGV#7", "status": 2, "life": 35, "range": 12, "speed": 55, "longitude": 80.30817068083867, "latitude": 30.429908903820667, "altitude": 0, "totalamos": 20000, "power": 4, "Name": "T-90", "Type": "Ground + Heavy + Armor + Vehicle + Tank", "Importance": 0.5, "Health": 3.5}], "redRSUAVehicle": [{"name": "Red.RedForce_RedCommander#0_RedRSUAVehicle#0", "status": 2, "life": 10, "range": 0, "speed": 55, "longitude": 80.45, "latitude": 30.85, "altitude": 6, "totalamos": 0, "power": 0, "Name": "ZIL-131", "Type": "Air + Rotorcraft", "Importance": 0.5, "Health": 1}, {"name": "Red.RedForce_RedCommander#0_RedRSUAVehicle#1", "status": 2, "life": 10, "range": 0, "speed": 55, "longitude": 80.45, "latitude": 30.85, "altitude": 6, "totalamos": 0, "power": 0, "Name": "ZIL-131", "Type": "Air + Rotorcraft", "Importance": 0.5, "Health": 1}, {"name": "Red.RedForce_RedCommander#0_RedRSUAVehicle#2", "status": 2, "life": 10, "range": 0, "speed": 55, "longitude": 80.45, "latitude": 30.85, "altitude": 6, "totalamos": 0, "power": 0, "Name": "ZIL-131", "Type": "Air + Rotorcraft", "Importance": 0.5, "Health": 1}], "redRSUAV": [{"name": "Red.RedForce_RedCommander#0_RedRSUAVehicle#0.RedRSUAV#0", "status": 2, "life": 10, "range": 1370, "speed": 300, "longitude": 79.55778183313447, "latitude": 30.699232288582397, "altitude": 1, "totalamos": 0, "power": 0, "Name": "OH-58"}, {"name": "Red.RedForce_RedCommander#0_RedRSUAVehicle#1.RedRSUAV#0", "status": 2, "life": 10, "range": 1370, "speed": 300, "longitude": 79.72994927741237, "latitude": 30.397668293768977, "altitude": 1, "totalamos": 0, "power": 0, "Name": "OH-58"}, {"name": "Red.RedForce_RedCommander#0_RedRSUAVehicle#2.RedRSUAV#0", "status": 2, "life": 10, "range": 1370, "speed": 300, "longitude": 79.58565488608336, "latitude": 30.612877722792152, "altitude": 1, "totalamos": 0, "power": 0, "Name": "OH-58"}], "redFSUAVehicle": [{"name": "Red.RedForce_RedCommander#0_RedFSUAVehicle#0", "status": 2, "life": 10, "range": 0, "speed": 55, "longitude": 80.64, "latitude": 30.98, "altitude": 6, "totalamos": 0, "power": 0, "Name": "ZIL-131", "Type": "Ground + Vehicle + AircraftCarrier", "Importance": 0.5, "Health": 1}, {"name": "Red.RedForce_RedCommander#0_RedFSUAVehicle#1", "status": 2, "life": 10, "range": 0, "speed": 55, "longitude": 80.64, "latitude": 30.98, "altitude": 6, "totalamos": 0, "power": 0, "Name": "ZIL-131", "Type": "Ground + Vehicle + AircraftCarrier", "Importance": 0.5, "Health": 1}, {"name": "Red.RedForce_RedCommander#0_RedFSUAVehicle#2", "status": 2, "life": 10, "range": 0, "speed": 55, "longitude": 80.64, "latitude": 30.98, "altitude": 6, "totalamos": 0, "power": 0, "Name": "ZIL-131", "Type": "Ground + Vehicle + AircraftCarrier", "Importance": 0.5, "Health": 1}, {"name": "Red.RedForce_RedCommander#0_RedFSUAVehicle#3", "status": 2, "life": 10, "range": 0, "speed": 55, "longitude": 80.64, "latitude": 30.98, "altitude": 6, "totalamos": 0, "power": 0, "Name": "ZIL-131", "Type": "Ground + Vehicle + AircraftCarrier", "Importance": 0.5, "Health": 1}, {"name": "Red.RedForce_RedCommander#0_RedFSUAVehicle#4", "status": 2, "life": 10, "range": 0, "speed": 55, "longitude": 80.64, "latitude": 30.98, "altitude": 6, "totalamos": 0, "power": 0, "Name": "ZIL-131", "Type": "Ground + Vehicle + AircraftCarrier", "Importance": 0.5, "Health": 1}, {"name": "Red.RedForce_RedCommander#0_RedFSUAVehicle#5", "status": 2, "life": 10, "range": 0, "speed": 55, "longitude": 80.64, "latitude": 30.98, "altitude": 6, "totalamos": 0, "power": 0, "Name": "ZIL-131", "Type": "Ground + Vehicle + AircraftCarrier", "Importance": 0.5, "Health": 1}, {"name": "Red.RedForce_RedCommander#0_RedFSUAVehicle#6", "status": 2, "life": 10, "range": 0, "speed": 55, "longitude": 80.64, "latitude": 30.98, "altitude": 6, "totalamos": 0, "power": 0, "Name": "ZIL-131", "Type": "Ground + Vehicle + AircraftCarrier", "Importance": 0.5, "Health": 1}, {"name": "Red.RedForce_RedCommander#0_RedFSUAVehicle#7", "status": 2, "life": 10, "range": 0, "speed": 55, "longitude": 80.64, "latitude": 30.98, "altitude": 6, "totalamos": 0, "power": 0, "Name": "ZIL-131", "Type": "Ground + Vehicle + AircraftCarrier", "Importance": 0.5, "Health": 1}, {"name": "Red.RedForce_RedCommander#0_RedFSUAVehicle#8", "status": 2, "life": 10, "range": 0, "speed": 55, "longitude": 80.64, "latitude": 30.98, "altitude": 6, "totalamos": 0, "power": 0, "Name": "ZIL-131", "Type": "Ground + Vehicle + AircraftCarrier", "Importance": 0.5, "Health": 1}, {"name": "Red.RedForce_RedCommander#0_RedFSUAVehicle#9", "status": 2, "life": 10, "range": 0, "speed": 55, "longitude": 80.64, "latitude": 30.98, "altitude": 6, "totalamos": 0, "power": 0, "Name": "ZIL-131", "Type": "Ground + Vehicle + AircraftCarrier", "Importance": 0.5, "Health": 1}], "redFSUAV": [{"name": "Red.RedForce_RedCommander#0_RedFSUAVehicle#0.RedFSUAV#0", "status": 2, "life": 10, "range": 1370, "speed": 300, "longitude": 79.1748371158551, "latitude": 30.662489696772788, "altitude": 1, "totalamos": 0, "power": 0, "Name": "MQ-1", "Type": "Air + FixedWing"}, {"name": "Red.RedForce_RedCommander#0_RedFSUAVehicle#1.RedFSUAV#0", "status": 2, "life": 10, "range": 1370, "speed": 300, "longitude": 79.23366974979758, "latitude": 30.417272660793103, "altitude": 1, "totalamos": 0, "power": 0, "Name": "MQ-1", "Type": "Air + FixedWing"}, {"name": "Red.RedForce_RedCommander#0_RedFSUAVehicle#2.RedFSUAV#0", "status": 2, "life": 10, "range": 1370, "speed": 300, "longitude": 79.25617135805415, "latitude": 30.401474516804182, "altitude": 1, "totalamos": 0, "power": 0, "Name": "MQ-1", "Type": "Air + FixedWing"}, {"name": "Red.RedForce_RedCommander#0_RedFSUAVehicle#3.RedFSUAV#0", "status": 2, "life": 10, "range": 1370, "speed": 300, "longitude": 79.3322886007129, "latitude": 30.538316261824068, "altitude": 1, "totalamos": 0, "power": 0, "Name": "MQ-1", "Type": "Air + FixedWing"}, {"name": "Red.RedForce_RedCommander#0_RedFSUAVehicle#4.RedFSUAV#0", "status": 2, "life": 10, "range": 1370, "speed": 300, "longitude": 78.72011027065422, "latitude": 30.55389102357827, "altitude": 1, "totalamos": 0, "power": 0, "Name": "MQ-1", "Type": "Air + FixedWing"}, {"name": "Red.RedForce_RedCommander#0_RedFSUAVehicle#5.RedFSUAV#0", "status": 2, "life": 10, "range": 1370, "speed": 300, "longitude": 79.63897691612958, "latitude": 30.6164177999175, "altitude": 1, "totalamos": 0, "power": 0, "Name": "MQ-1", "Type": "Air + FixedWing"}, {"name": "Red.RedForce_RedCommander#0_RedFSUAVehicle#6.RedFSUAV#0", "status": 2, "life": 10, "range": 1370, "speed": 300, "longitude": 80.40049380813095, "latitude": 30.228219929259502, "altitude": 1, "totalamos": 0, "power": 0, "Name": "MQ-1", "Type": "Air + FixedWing"}, {"name": "Red.RedForce_RedCommander#0_RedFSUAVehicle#7.RedFSUAV#0", "status": 2, "life": 10, "range": 1370, "speed": 300, "longitude": 80.35744364223834, "latitude": 30.115578234378184, "altitude": 1, "totalamos": 0, "power": 0, "Name": "MQ-1", "Type": "Air + FixedWing"}, {"name": "Red.RedForce_RedCommander#0_RedFSUAVehicle#8.RedFSUAV#0", "status": 2, "life": 10, "range": 1370, "speed": 300, "longitude": 80.29757487602662, "latitude": 30.210433826180616, "altitude": 1, "totalamos": 0, "power": 0, "Name": "MQ-1", "Type": "Air + FixedWing"}, {"name": "Red.RedForce_RedCommander#0_RedFSUAVehicle#9.RedFSUAV#0", "status": 2, "life": 10, "range": 1370, "speed": 300, "longitude": 80.48029152739925, "latitude": 30.042629524702445, "altitude": 1, "totalamos": 0, "power": 0, "Name": "MQ-1", "Type": "Air + FixedWing"}], "redArCMUGV": [{"name": "Red.RedForce_RedCommander#0_RedArCMUGV#0", "status": 2, "life": 10, "range": 500, "speed": 55, "longitude": 80.8, "latitude": 30.9, "altitude": 6, "totalamos": 6, "power": 0, "Name": "KrAZ-255", "Type": "Weapon + Missile", "Importance": 0.5, "Health": 1}, {"name": "Red.RedForce_RedCommander#0_RedArCMUGV#1", "status": 2, "life": 10, "range": 500, "speed": 55, "longitude": 80.7, "latitude": 30.94, "altitude": 6, "totalamos": 6, "power": 0, "Name": "KrAZ-255", "Type": "Weapon + Missile", "Importance": 0.5, "Health": 1}], "redInCMUGV": [{"name": "Red.RedForce_RedCommander#0_RedInCMUGV#0", "status": 2, "life": 10, "range": 500, "speed": 55, "longitude": 80.9, "latitude": 30.86, "altitude": 6, "totalamos": 10, "power": 0, "Name": "KrAZ-255", "Type": "Weapon + Missile", "Importance": 0.5, "Health": 1}], "redAJUGV": [{"name": "Red.RedForce_RedCommander#0_RedAJUGV#0", "status": 2, "life": 10, "range": 92, "speed": 55, "longitude": 80.19201726046985, "latitude": 30.463768452627804, "altitude": 0, "totalamos": 0, "power": 0, "Name": "P-15", "Type": "Ground + Vehicle", "Importance": 0.5, "Health": 1}], "redArCMissle": [{"name": "Red.RedForce_RedCommander#0_RedArCMUGV#0.RedArCMissile#0", "status": 0, "life": 10, "range": 500, "speed": 700, "longitude": 79, "latitude": 30.6, "altitude": 0, "totalamos": 0, "power": 8, "Name": "SCUD"}, {"name": "Red.RedForce_RedCommander#0_RedArCMUGV#0.RedArCMissile#1", "status": 2, "life": 10, "range": 500, "speed": 700, "longitude": 80.8, "latitude": 30.9, "altitude": 6, "totalamos": 1, "power": 8, "Name": "SCUD"}, {"name": "Red.RedForce_RedCommander#0_RedArCMUGV#0.RedArCMissile#2", "status": 0, "life": 10, "range": 500, "speed": 700, "longitude": 79, "latitude": 30.55, "altitude": 0, "totalamos": 0, "power": 8, "Name": "SCUD"}, {"name": "Red.RedForce_RedCommander#0_RedArCMUGV#0.RedArCMissile#3", "status": 0, "life": 10, "range": 500, "speed": 700, "longitude": 78.7, "latitude": 30.7, "altitude": 0, "totalamos": 0, "power": 8, "Name": "SCUD"}, {"name": "Red.RedForce_RedCommander#0_RedArCMUGV#0.RedArCMissile#4", "status": 2, "life": 10, "range": 500, "speed": 700, "longitude": 80.8, "latitude": 30.9, "altitude": 6, "totalamos": 1, "power": 8, "Name": "SCUD"}, {"name": "Red.RedForce_RedCommander#0_RedArCMUGV#0.RedArCMissile#5", "status": 0, "life": 10, "range": 500, "speed": 700, "longitude": 79.9, "latitude": 30.15, "altitude": 0, "totalamos": 0, "power": 8, "Name": "SCUD"}, {"name": "Red.RedForce_RedCommander#0_RedArCMUGV#1.RedArCMissile#0", "status": 0, "life": 10, "range": 500, "speed": 700, "longitude": 79.9, "latitude": 30.2, "altitude": 0, "totalamos": 0, "power": 8, "Name": "SCUD"}, {"name": "Red.RedForce_RedCommander#0_RedArCMUGV#1.RedArCMissile#1", "status": 0, "life": 10, "range": 500, "speed": 700, "longitude": 79.6, "latitude": 30.35, "altitude": 0, "totalamos": 0, "power": 8, "Name": "SCUD"}, {"name": "Red.RedForce_RedCommander#0_RedArCMUGV#1.RedArCMissile#2", "status": 0, "life": 10, "range": 500, "speed": 700, "longitude": 78.7, "latitude": 30.75, "altitude": 0, "totalamos": 0, "power": 8, "Name": "SCUD"}, {"name": "Red.RedForce_RedCommander#0_RedArCMUGV#1.RedArCMissile#3", "status": 0, "life": 10, "range": 500, "speed": 700, "longitude": 79.3, "latitude": 30.5, "altitude": 0, "totalamos": 0, "power": 8, "Name": "SCUD"}, {"name": "Red.RedForce_RedCommander#0_RedArCMUGV#1.RedArCMissile#4", "status": 0, "life": 10, "range": 500, "speed": 700, "longitude": 79.25, "latitude": 30.15, "altitude": 0, "totalamos": 0, "power": 8, "Name": "SCUD"}, {"name": "Red.RedForce_RedCommander#0_RedArCMUGV#1.RedArCMissile#5", "status": 0, "life": 10, "range": 500, "speed": 700, "longitude": 80.2, "latitude": 30.05, "altitude": 0, "totalamos": 0, "power": 8, "Name": "SCUD"}], "redInCMissle": [{"name": "Red.RedForce_RedCommander#0_RedInCMUGV#0.RedInCMissile#0", "status": 0, "life": 10, "range": 500, "speed": 700, "longitude": 80.5016970663636, "latitude": 29.904115383681617, "altitude": 1, "totalamos": 0, "power": 8, "Name": "SCUD"}, {"name": "Red.RedForce_RedCommander#0_RedInCMUGV#0.RedInCMissile#1", "status": 0, "life": 10, "range": 500, "speed": 700, "longitude": 79.9, "latitude": 30.2, "altitude": 0, "totalamos": 0, "power": 8, "Name": "SCUD"}, {"name": "Red.RedForce_RedCommander#0_RedInCMUGV#0.RedInCMissile#2", "status": 0, "life": 10, "range": 500, "speed": 700, "longitude": 79.6, "latitude": 30.3, "altitude": 0, "totalamos": 0, "power": 8, "Name": "SCUD"}, {"name": "Red.RedForce_RedCommander#0_RedInCMUGV#0.RedInCMissile#3", "status": 0, "life": 10, "range": 500, "speed": 700, "longitude": 79.6, "latitude": 30.35, "altitude": 0, "totalamos": 0, "power": 8, "Name": "SCUD"}, {"name": "Red.RedForce_RedCommander#0_RedInCMUGV#0.RedInCMissile#4", "status": 0, "life": 10, "range": 500, "speed": 700, "longitude": 79.3, "latitude": 30.5, "altitude": 0, "totalamos": 0, "power": 8, "Name": "SCUD"}, {"name": "Red.RedForce_RedCommander#0_RedInCMUGV#0.RedInCMissile#5", "status": 0, "life": 10, "range": 500, "speed": 700, "longitude": 79.6, "latitude": 30.3, "altitude": 0, "totalamos": 0, "power": 8, "Name": "SCUD"}, {"name": "Red.RedForce_RedCommander#0_RedInCMUGV#0.RedInCMissile#6", "status": 2, "life": 10, "range": 500, "speed": 700, "longitude": 80.9, "latitude": 30.86, "altitude": 6, "totalamos": 1, "power": 8, "Name": "SCUD"}, {"name": "Red.RedForce_RedCommander#0_RedInCMUGV#0.RedInCMissile#7", "status": 0, "life": 10, "range": 500, "speed": 700, "longitude": 79.3, "latitude": 30.45, "altitude": 0, "totalamos": 0, "power": 8, "Name": "SCUD"}, {"name": "Red.RedForce_RedCommander#0_RedInCMUGV#0.RedInCMissile#8", "status": 2, "life": 10, "range": 500, "speed": 700, "longitude": 80.9, "latitude": 30.86, "altitude": 6, "totalamos": 1, "power": 8, "Name": "SCUD"}, {"name": "Red.RedForce_RedCommander#0_RedInCMUGV#0.RedInCMissile#9", "status": 2, "life": 10, "range": 500, "speed": 700, "longitude": 80.9, "latitude": 30.86, "altitude": 6, "totalamos": 1, "power": 8, "Name": "SCUD"}], "redSuicideUAV": [{"name": "Red.RedForce_RedCommander#0_RedsuicideUAV#0", "status": 2, "life": 10, "range": 10, "speed": 425, "longitude": 80.45, "latitude": 30.85, "altitude": 6, "totalamos": 1, "power": 6, "Name": "MQ-1", "Type": "Air + FixedWing", "Importance": 0.5, "Health": 1}, {"name": "Red.RedForce_RedCommander#0_RedsuicideUAV#1", "status": 0, "life": 10, "range": 10, "speed": 425, "longitude": 79.90560206822141, "latitude": 30.212212255584994, "altitude": 0, "totalamos": 0, "power": 6, "Name": "MQ-1", "Type": "Air + FixedWing", "Importance": 0.5, "Health": 1}, {"name": "Red.RedForce_RedCommander#0_RedsuicideUAV#2", "status": 0, "life": 10, "range": 10, "speed": 425, "longitude": 79.03167824771889, "latitude": 30.601680388425088, "altitude": 0, "totalamos": 0, "power": 6, "Name": "MQ-1", "Type": "Air + FixedWing", "Importance": 0.5, "Health": 1}, {"name": "Red.RedForce_RedCommander#0_RedsuicideUAV#3", "status": 0, "life": 10, "range": 10, "speed": 425, "longitude": 79.04630354378125, "latitude": 30.55448875620061, "altitude": 0, "totalamos": 0, "power": 6, "Name": "MQ-1", "Type": "Air + FixedWing", "Importance": 0.5, "Health": 1}, {"name": "Red.RedForce_RedCommander#0_RedsuicideUAV#4", "status": 0, "life": 10, "range": 10, "speed": 425, "longitude": 78.74685687895085, "latitude": 30.698389062192646, "altitude": 0, "totalamos": 0, "power": 6, "Name": "MQ-1", "Type": "Air + FixedWing", "Importance": 0.5, "Health": 1}, {"name": "Red.RedForce_RedCommander#0_RedsuicideUAV#5", "status": 0, "life": 10, "range": 10, "speed": 425, "longitude": 79.64568518099398, "latitude": 30.340279933405288, "altitude": 0, "totalamos": 0, "power": 6, "Name": "MQ-1", "Type": "Air + FixedWing", "Importance": 0.5, "Health": 1}, {"name": "Red.RedForce_RedCommander#0_RedsuicideUAV#6", "status": 2, "life": 10, "range": 10, "speed": 425, "longitude": 80.45, "latitude": 30.85, "altitude": 6, "totalamos": 1, "power": 6, "Name": "MQ-1", "Type": "Air + FixedWing", "Importance": 0.5, "Health": 1}, {"name": "Red.RedForce_RedCommander#0_RedsuicideUAV#7", "status": 2, "life": 10, "range": 10, "speed": 425, "longitude": 78.56480911178511, "latitude": 30.698373193319014, "altitude": 0, "totalamos": 1, "power": 6, "Name": "MQ-1", "Type": "Air + FixedWing", "Importance": 0.5, "Health": 1}, {"name": "Red.RedForce_RedCommander#0_RedsuicideUAV#8", "status": 0, "life": 10, "range": 10, "speed": 425, "longitude": 79.90512810659882, "latitude": 30.162365993780444, "altitude": 0, "totalamos": 0, "power": 6, "Name": "MQ-1", "Type": "Air + FixedWing", "Importance": 0.5, "Health": 1}, {"name": "Red.RedForce_RedCommander#0_RedsuicideUAV#9", "status": 0, "life": 10, "range": 10, "speed": 425, "longitude": 79.32966749333943, "latitude": 30.457446332325592, "altitude": 0, "totalamos": 0, "power": 6, "Name": "MQ-1", "Type": "Air + FixedWing", "Importance": 0.5, "Health": 1}]}, "blueSituation": {"blueCommander": [{"name": "Blue.BlueForce_BlueCommander#0", "status": 2, "life": 100, "range": 10, "speed": 0, "longitude": 79.2, "latitude": 30.2, "altitude": 6, "totalamos": 0, "power": 0, "Name": "Jeep", "Type": "Ground + Static + Vehicle", "Importance": 1, "Health": 1}], "blueUAVehicle": [{"name": "Blue.BlueForce_BlueCommander#0_BlueUAVehicle#0", "status": 2, "life": 10, "range": 92, "speed": 55, "longitude": 79.3, "latitude": 30.1, "altitude": 6, "totalamos": 0, "power": 1, "Name": "ZIL-131", "Type": "Ground + Vehicle", "Importance": 0.5, "Health": 1}], "blueCommandVehicle": [], "blueCommandMiddle": [{"name": "Blue.BlueForce_BlueCommander#0_BlueCommandMiddle#0", "status": 2, "life": 20, "range": 92, "speed": 55, "longitude": 79.05, "latitude": 30.115, "altitude": 6, "totalamos": 0, "power": 0, "Name": "Jeep", "Type": "Ground + Vehicle", "Importance": 0.5, "Health": 1}, {"name": "Blue.BlueForce_BlueCommander#0_BlueCommandMiddle#1", "status": 2, "life": 20, "range": 92, "speed": 55, "longitude": 79.05, "latitude": 30.115, "altitude": 6, "totalamos": 0, "power": 0, "Name": "Jeep", "Type": "Ground + Vehicle", "Importance": 0.5, "Health": 1}, {"name": "Blue.BlueForce_BlueCommander#0_BlueCommandMiddle#2", "status": 2, "life": 20, "range": 92, "speed": 55, "longitude": 79.05, "latitude": 30.115, "altitude": 6, "totalamos": 0, "power": 0, "Name": "Jeep", "Type": "Ground + Vehicle", "Importance": 0.5, "Health": 1}, {"name": "Blue.BlueForce_BlueCommander#0_BlueCommandMiddle#3", "status": 2, "life": 20, "range": 92, "speed": 55, "longitude": 79.05, "latitude": 30.115, "altitude": 6, "totalamos": 0, "power": 0, "Name": "Jeep", "Type": "Ground + Vehicle", "Importance": 0.5, "Health": 1}], "blueInfantry": [{"name": "Blue.BlueForce_BlueCommander#0_BlueInfantry#0", "status": 0, "life": -4, "range": 10, "speed": 15, "longitude": 79.90720930625328, "latitude": 30.215699234383408, "altitude": 0, "totalamos": 96, "power": 1, "Name": "Infantry", "Type": "Ground + Light + Human + Infantry", "Importance": 0.5, "Health": -0.4}, {"name": "Blue.BlueForce_BlueCommander#0_BlueInfantry#1", "status": 2, "life": 2, "range": 10, "speed": 15, "longitude": 79.65859994870738, "latitude": 30.39791937815062, "altitude": 0, "totalamos": 96, "power": 1, "Name": "Infantry", "Type": "Ground + Light + Human + Infantry", "Importance": 0.5, "Health": 0.2}, {"name": "Blue.BlueForce_BlueCommander#0_BlueInfantry#2", "status": 2, "life": 2, "range": 10, "speed": 15, "longitude": 79.37848513215035, "latitude": 30.519271449493623, "altitude": 0, "totalamos": 96, "power": 1, "Name": "Infantry", "Type": "Ground + Light + Human + Infantry", "Importance": 0.5, "Health": 0.2}, {"name": "Blue.BlueForce_BlueCommander#0_BlueInfantry#3", "status": 2, "life": 2, "range": 10, "speed": 15, "longitude": 79.31365064538906, "latitude": 30.193826659940097, "altitude": 0, "totalamos": 96, "power": 1, "Name": "Infantry", "Type": "Ground + Light + Human + Infantry", "Importance": 0.5, "Health": 0.2}, {"name": "Blue.BlueForce_BlueCommander#0_BlueInfantry#4", "status": 2, "life": 2, "range": 10, "speed": 15, "longitude": 80.18707370979693, "latitude": 30.11939430055873, "altitude": 0, "totalamos": 96, "power": 1, "Name": "Infantry", "Type": "Ground + Light + Human + Infantry", "Importance": 0.5, "Health": 0.2}, {"name": "Blue.BlueForce_BlueCommander#0_BlueInfantry#5", "status": 2, "life": 2, "range": 10, "speed": 15, "longitude": 80.46234578454802, "latitude": 29.96244055091436, "altitude": 0, "totalamos": 96, "power": 1, "Name": "Infantry", "Type": "Ground + Light + Human + Infantry", "Importance": 0.5, "Health": 0.2}, {"name": "Blue.BlueForce_BlueCommander#0_BlueInfantry#6", "status": 0, "life": -4, "range": 10, "speed": 15, "longitude": 79.03525924695921, "latitude": 30.601566356335137, "altitude": 0, "totalamos": 96, "power": 1, "Name": "Infantry", "Type": "Ground + Light + Human + Infantry", "Importance": 0.5, "Health": -0.4}, {"name": "Blue.BlueForce_BlueCommander#0_BlueInfantry#7", "status": 2, "life": 2, "range": 10, "speed": 15, "longitude": 78.7818175665421, "latitude": 30.744340337070994, "altitude": 0, "totalamos": 96, "power": 1, "Name": "Infantry", "Type": "Ground + Light + Human + Infantry", "Importance": 0.5, "Health": 0.2}, {"name": "Blue.BlueForce_BlueCommander#0_BlueInfantry#8", "status": 2, "life": 2, "range": 10, "speed": 15, "longitude": 79.93649096218172, "latitude": 30.261129634681186, "altitude": 0, "totalamos": 96, "power": 1, "Name": "Infantry", "Type": "Ground + Light + Human + Infantry", "Importance": 0.5, "Health": 0.2}, {"name": "Blue.BlueForce_BlueCommander#0_BlueInfantry#9", "status": 2, "life": 2, "range": 10, "speed": 15, "longitude": 79.65859994870738, "latitude": 30.39791937815062, "altitude": 0, "totalamos": 96, "power": 1, "Name": "Infantry", "Type": "Ground + Light + Human + Infantry", "Importance": 0.5, "Health": 0.2}, {"name": "Blue.BlueForce_BlueCommander#0_BlueInfantry#10", "status": 2, "life": 2, "range": 10, "speed": 15, "longitude": 79.37848513215035, "latitude": 30.519271449493623, "altitude": 0, "totalamos": 96, "power": 1, "Name": "Infantry", "Type": "Ground + Light + Human + Infantry", "Importance": 0.5, "Health": 0.2}, {"name": "Blue.BlueForce_BlueCommander#0_BlueInfantry#11", "status": 2, "life": 2, "range": 10, "speed": 15, "longitude": 79.65426960934273, "latitude": 30.351580250688954, "altitude": 0, "totalamos": 96, "power": 1, "Name": "Infantry", "Type": "Ground + Light + Human + Infantry", "Importance": 0.5, "Health": 0.2}], "blueArtillery": [{"name": "Blue.BlueForce_BlueCommander#0_BlueArtillery#0", "status": 0, "life": -4, "range": 29, "speed": 15, "longitude": 79.9065915526102, "latitude": 30.165899706609597, "altitude": 0, "totalamos": 560, "power": 2, "Name": "BGM-71B", "Type": "Weapon + Projectile", "Importance": 0.5, "Health": -0.4}, {"name": "Blue.BlueForce_BlueCommander#0_BlueArtillery#1", "status": 0, "life": -4, "range": 29, "speed": 15, "longitude": 79.64808115513932, "latitude": 30.34341239152101, "altitude": 0, "totalamos": 560, "power": 2, "Name": "BGM-71B", "Type": "Weapon + Projectile", "Importance": 0.5, "Health": -0.4}, {"name": "Blue.BlueForce_BlueCommander#0_BlueArtillery#2", "status": 0, "life": -4, "range": 29, "speed": 15, "longitude": 79.33390648267101, "latitude": 30.458304313216495, "altitude": 0, "totalamos": 560, "power": 2, "Name": "BGM-71B", "Type": "Weapon + Projectile", "Importance": 0.5, "Health": -0.4}, {"name": "Blue.BlueForce_BlueCommander#0_BlueArtillery#3", "status": 2, "life": 10, "range": 29, "speed": 15, "longitude": 80.1881646688706, "latitude": 30.069586565312786, "altitude": 0, "totalamos": 560, "power": 2, "Name": "BGM-71B", "Type": "Weapon + Projectile", "Importance": 0.5, "Health": 1}, {"name": "Blue.BlueForce_BlueCommander#0_BlueArtillery#4", "status": 2, "life": 10, "range": 29, "speed": 15, "longitude": 80.46452726019045, "latitude": 29.913403795917525, "altitude": 0, "totalamos": 560, "power": 2, "Name": "BGM-71B", "Type": "Weapon + Projectile", "Importance": 0.5, "Health": 1}, {"name": "Blue.BlueForce_BlueCommander#0_BlueArtillery#5", "status": 0, "life": -4, "range": 29, "speed": 15, "longitude": 79.05060279100083, "latitude": 30.555106090518734, "altitude": 0, "totalamos": 560, "power": 2, "Name": "BGM-71B", "Type": "Weapon + Projectile", "Importance": 0.5, "Health": -0.4}, {"name": "Blue.BlueForce_BlueCommander#0_BlueArtillery#6", "status": 0, "life": -4, "range": 29, "speed": 15, "longitude": 78.7510197288609, "latitude": 30.698425369649375, "altitude": 0, "totalamos": 560, "power": 2, "Name": "BGM-71B", "Type": "Weapon + Projectile", "Importance": 0.5, "Health": -0.4}, {"name": "Blue.BlueForce_BlueCommander#0_BlueArtillery#7", "status": 2, "life": 10, "range": 29, "speed": 15, "longitude": 79.93277298676459, "latitude": 30.21322693650219, "altitude": 0, "totalamos": 560, "power": 2, "Name": "BGM-71B", "Type": "Weapon + Projectile", "Importance": 0.5, "Health": 1}], "blueArchibald": [{"name": "Blue.BlueForce_BlueCommander#0_BlueArchibald#0", "status": 2, "life": 10, "range": 2, "speed": 55, "longitude": 79.1, "latitude": 30.075, "altitude": 6, "totalamos": 100, "power": 2, "Name": "MIM-23", "Type": "Weapon + Projectile", "Importance": 0.5, "Health": 1}, {"name": "Blue.BlueForce_BlueCommander#0_BlueArchibald#1", "status": 2, "life": 10, "range": 2, "speed": 55, "longitude": 78.95, "latitude": 30.225, "altitude": 6, "totalamos": 100, "power": 2, "Name": "MIM-23", "Type": "Weapon + Projectile", "Importance": 0.5, "Health": 1}], "blueADLanucher": [{"name": "Blue.BlueForce_BlueCommander#0_BlueADLanucher#0", "status": 2, "life": 10, "range": 2, "speed": 0, "longitude": 79.2, "latitude": 30, "altitude": 6, "totalamos": 4, "power": 5, "Name": "MIM-23", "Type": "Weapon + Missile", "Importance": 0.5, "Health": 1}, {"name": "Blue.BlueForce_BlueCommander#0_BlueADLanucher#1", "status": 2, "life": 10, "range": 2, "speed": 0, "longitude": 79, "latitude": 30.15, "altitude": 6, "totalamos": 4, "power": 5, "Name": "MIM-23", "Type": "Weapon + Missile", "Importance": 0.5, "Health": 1}, {"name": "Blue.BlueForce_BlueCommander#0_BlueADLanucher#2", "status": 2, "life": 10, "range": 2, "speed": 0, "longitude": 78.9, "latitude": 30.3, "altitude": 6, "totalamos": 4, "power": 5, "Name": "MIM-23", "Type": "Weapon + Missile", "Importance": 0.5, "Health": 1}], "blueCommNode": [{"name": "Blue.BlueForce_BlueCommander#0_BlueCommNode#0", "status": 2, "life": 10, "range": 250, "speed": 55, "longitude": 79.5, "latitude": 30.2, "altitude": 6, "totalamos": 0, "power": 0, "Name": "Jeep", "Type": "Ground + Vehicle", "Importance": 0.5, "Health": 1}], "blueRadar": [{"name": "Blue.BlueForce_BlueCommander#0_BlueRadar#0", "status": 2, "life": 10, "range": 250, "speed": 55, "longitude": 79.15, "latitude": 30.25, "altitude": 6, "totalamos": 0, "power": 0, "Name": "Jeep", "Type": "Ground + Vehicle", "Importance": 0.5, "Health": 1}, {"name": "Blue.BlueForce_BlueCommander#0_BlueRadar#1", "status": 2, "life": 10, "range": 250, "speed": 55, "longitude": 79.15, "latitude": 30.25, "altitude": 6, "totalamos": 0, "power": 0, "Name": "Jeep", "Type": "Ground + Vehicle", "Importance": 0.5, "Health": 1}], "blueUAV": [{"name": "Blue.BlueForce_BlueCommander#0_BlueUAV#0", "status": 0, "life": -89, "range": 1703, "speed": 250, "longitude": 79.87538383385919, "latitude": 30.96238867923757, "altitude": 0, "totalamos": 0, "power": 1, "Name": "MQ-1", "Type": "Air + FixedWing", "Importance": 0.5, "Health": -8.9}, {"name": "Blue.BlueForce_BlueCommander#0_BlueUAV#1", "status": 0, "life": -93, "range": 1703, "speed": 250, "longitude": 79.93806974023833, "latitude": 30.860349029521586, "altitude": 0, "totalamos": 0, "power": 1, "Name": "MQ-1", "Type": "Air + FixedWing", "Importance": 0.5, "Health": -9.3}, {"name": "Blue.BlueForce_BlueCommander#0_BlueUAV#2", "status": 0, "life": -2, "range": 1703, "speed": 250, "longitude": 80.0264974125814, "latitude": 30.79875909196753, "altitude": 0, "totalamos": 0, "power": 1, "Name": "MQ-1", "Type": "Air + FixedWing", "Importance": 0.5, "Health": -0.2}, {"name": "Blue.BlueForce_BlueCommander#0_BlueUAV#3", "status": 0, "life": -2, "range": 1703, "speed": 250, "longitude": 80.29709343354195, "latitude": 30.59896456664913, "altitude": 0, "totalamos": 0, "power": 1, "Name": "MQ-1", "Type": "Air + FixedWing", "Importance": 0.5, "Health": -0.2}, {"name": "Blue.BlueForce_BlueCommander#0_BlueUAV#4", "status": 0, "life": -89, "range": 1703, "speed": 250, "longitude": 80.65017314023353, "latitude": 30.620900927174894, "altitude": 0, "totalamos": 0, "power": 1, "Name": "MQ-1", "Type": "Air + FixedWing", "Importance": 0.5, "Health": -8.9}, {"name": "Blue.BlueForce_BlueCommander#0_BlueUAV#5", "status": 0, "life": -89, "range": 1703, "speed": 250, "longitude": 80.64304871865671, "latitude": 30.478327165497365, "altitude": 0, "totalamos": 0, "power": 1, "Name": "MQ-1", "Type": "Air + FixedWing", "Importance": 0.5, "Health": -8.9}]}}