Id,a,b,c
1,0.1952,2.498228606,28.70167727
2,0.192032,1.332448292,8.843300874
3,0.225966,0.367360046,4.06983279
4,0.209185,1.139998152,14.85374838
5,0.237116,2.223906386,8.940537552
6,0.211811,1.455691262,4
7,0.20903,0.367360046,1.910488924
8,0.199344,0.64987366,5.943389251
9,0.214353,1.390367845,34.1935385
10,0.247959,0.881542434,5.940537552
11,0.199169,0.656305091,7.178192783
12,0.198648,1.028965952,62.74076912
13,0.206342,0.976089271,13.59434064
14,0.20222,3.215104226,36.36011082
15,0.210393,2.140376966,25.28163204
16,0.237611,0.514265145,6.190827007
17,0.247218,0.481432094,2.940537552
18,0.239296,0.772012404,6.226257231
19,0.20518,0.92235526,8.158537189
20,0.199213,2.105658305,14.83015818
21,0.23335,0.424586793,4.821612656
22,0.192081,0.367360046,1.900813103
23,0.204811,3.163846173,41.9256945
24,0.196467,0.416341387,2.063221769
25,0.221547,4.048182105,22.11652206
26,0.240179,5.386735356,46.18888815
27,0.210101,0.859654064,44.8538313
28,0.199301,0.367360046,2.71892172
29,0.236378,1.295094506,3.594409786
30,0.213433,0.476256061,7.828127844
31,0.237363,2.286679171,13.94053755
32,0.235036,0.893700081,8.083429818
33,0.179437,2.602851083,65.47218843
34,0.21675,0.69576007,4.587891064
35,0.224159,0.413280053,5.166174345
36,0.227001,0.367360046,1.28736856
37,0.252564,0.982066312,7.594409786
38,0,4.83E-01,2
39,0.217629,0.400569395,28.04805998
40,0.202895,2.12770371,29.81436879
41,0.190915,0.442800057,6.898578835
42,0.188054,0.39360005,14.88929405
43,0.177639,0.38405823,2.166052766
44,0.179437,1.136086921,18.22075353
45,0.23347,1.134119033,10.02396737
46,0.232517,6.385876666,56.54869033
47,0.227125,2.931148645,12.5481991
48,0.19541,0.594457961,9.549896046
49,0.256974,0.367360046,3.05933274
50,0.189043,48.63528206,370.0310196
51,0.204443,1.05556837,9.539643617
52,0.21639,0.398837249,2.083429818
53,0.242804,0.60471101,3.104549173
54,0.242416,0.469441514,5.12646921
55,0.187141,0.744225709,6.063969472
56,0.244438,0.367360046,4.04793474
57,0.205504,5.757875118,63.55505923
58,0.217786,0.909862179,6
59,0.243128,0.580316796,5.227906112
60,0.212404,0.858062789,12.05939759
61,0.14279,0.57483143,12.8068664
62,0.185933,0.367360046,1.78226809
63,0.227636,0.939079104,10
64,0.201504,1.630973246,22.25939219
65,0.244236,0.426466701,1.940537552
66,0.238245,0.367360046,3.67777475
67,0.250688,0.399808436,1.940537552
68,0.22263,0.555408049,8.533708306
69,0.253549,0.75026953,9.24691328
70,0.250344,0.508182965,6.142762559
71,0.216524,0.367360046,1.999935146
72,0.192641,0.742346407,6.793672168
73,0.246349,0.89115804,12.9404727
74,0.180063,0.367360046,1.423154924
75,0.241516,1.44056386,11.18797899
76,0.220635,1.496710787,18.30573734
77,0.159684,1.652757498,40.42225338
78,0.210818,0.367360046,1.126374584
79,0.246216,1.016018502,7.594344932
80,0.234311,0.654679904,11.36987661
81,0.211026,1.22603288,58.85178047
82,0.260807,1.272987102,15.28558997
83,0.221655,1.318778014,16.36519979
84,0.203439,6.18614546,84.78030808
85,0.252424,1.884782238,22.64944323
86,0.215775,0.398837249,3.142827412
87,0.217112,1.204381105,76.76168799
88,0.242674,1.284387316,21.10739719
89,0.237301,0.958034991,11.90504247
90,0.165969,0.367360046,0
91,0.21198,0.367360046,1.831736793
92,0.236501,0.643901552,10.36271305
93,0.24662,0.367360046,4.759108617
94,0.171144,1.076341485,6.126374584
95,0.253056,0.505072378,4.881075104
96,0.20667,0.424225496,5.43022692
97,0.230361,0.367360046,3.189665307
98,0.227239,0.610692307,3.083429818
99,0.178474,0.367360046,0
100,0.19445,2.214358646,24.30757722
101,0.21009,0.420714721,4.207679675
102,0.217734,2.265978682,30.06455201
103,0.201104,18.98395945,67.99114442
104,0.239989,0.929269004,9.28736856
105,0.215723,0.953047911,46.10710546
106,0.180024,0.367360046,0
107,0.181746,0.367360046,0.922994718
108,0.149361,0.367360046,0
109,0.183892,3.907475331,31.58430661
110,0.223503,0.782812906,4.30573734
111,0.171016,0.944861131,2.548637093
112,0.231453,0.896526036,7.203873888
113,0.223394,1.383585647,16.8810751
114,0.247893,0.367360046,5.999805439
115,0.220101,0.954908036,9.531094827
116,0.187102,0.436134246,3.063221769
117,0.242739,0.594856756,9.047869887
118,0.253537,0.367360046,2.744335897
119,0.23401,0.393702633,2.552141939
120,0.148589,0.548882281,1
121,0.207991,0.821642057,8.461784265
122,0.170531,0.367360046,2.434255761
123,0.215094,0.367360046,0.305802193
124,0.221547,3.97431371,50.88703759
125,0.193131,1.139567849,15.72877844
126,0.203303,0.58376143,5.947960362
127,0.211664,1.130530468,13.08342982
128,0.238482,1.204494132,12.94053755
129,0.24261,1.432722408,13.96444007
130,0.244301,0.552409946,8.821547802
131,0.21132,0.705609925,13.76768793
132,0.240063,0.367360046,1.881075104
133,0.20861,0.968570762,9.239638413
134,0.180503,0.45916688,6.287307656
135,0.201104,3.654199005,23.32258196
136,0.202982,0.392293986,4.02396737
137,0.232754,1.462644314,18.08342982
138,0.222793,6.026499709,62.41087278
139,0.231512,0.417459651,10.51217831
140,0.24542,1.855858358,35.84456953
141,0.240687,0.41189622,2.059397594
142,0.237673,0.447323659,8.280746168
143,0.220741,1.641165144,14.44620773
144,0.214353,2.289257503,27.48327318
145,0.196256,0.397973384,4.034604052
146,0.190347,3.684843908,14.56531869
147,0.234492,1.542297834,13.1626278
148,0.24695,2.962887055,39.10422589
149,0.191146,1.155869628,18.96302997
150,0.237116,0.451293325,2.999935146
151,0.192519,0.393316639,2.793672168
152,0.224994,2.898059051,16.90001742
153,0.197314,1.954325994,40.39774652
154,0.201683,3.974466978,57.33533894
155,0.248026,1.28832711,13.02396737
156,0.199169,5.054989735,208.2002876
157,0.173392,0.413693573,1
158,0.204123,0.672870365,8.615489242
159,0.176916,0.502280647,35.93747525
160,0.186757,0.498972085,8.177621747
161,0,0.626765009,8.594409786
162,0.266686,0.444035829,3.881075104
163,0.211762,3.358796083,23.34134118
164,0.212404,0.633280272,9.519642283
165,0.239108,0.394131894,10.00942089
166,0.186198,0.385728049,2.900813103
167,0.250206,1.479509817,30.17797046
168,0.201236,0.367360046,0.94393267
169,0.225105,1.441315023,20.08945317
170,0.245222,0.38878621,3.47548489
171,0.257127,2.037015953,20.19785636
172,0.247487,0.49534734,5.142827412
173,0.230594,0.404096051,5.676535718
174,0.262041,0.367360046,2.940472698
175,0.222249,2.848414622,29.57210161
176,0.222575,0.393724411,5.569341631
177,0.214656,0.545380536,14.62534615
178,0.232695,0.52613359,6.946560904
179,0.193466,0.367360046,0.687077961
180,0.200572,0.899107178,8.132985605
181,0.206249,3.682170255,34.17663164
182,0.188107,1.071406019,11.35396153
183,0.231394,4.780767128,24.03162595
184,0.204765,1.114260858,8.8201024
185,0.180718,0.458670123,1.922994718
186,0.201592,0.367360046,2.009969756
187,0.175756,0.367360046,0
188,0.224606,1.239458924,11.56900513
189,0.218727,0.652534754,12.79052661
190,0.21763,0.583290435,18.77976473
191,0.158877,1.970211519,19.48678759
192,0.152738,0.39360005,5.61186306
193,0.211664,0.703856511,4.565025125
194,0.188703,0.367360046,0
195,0.201585,0.367360046,4.090739206
196,0.194261,0.367360046,15.68322602
197,0.179528,0.367360046,0
198,0.178173,0.433117321,4.65380738
199,0.196167,0.639516568,3.991320869
200,0.193023,0.422464054,3.816278205
201,0.159135,0.367360046,0
202,0.205763,0.397348622,2.126374584
203,0.204719,4.87645698,108.8722565
204,0.243488,0.391458866,43.67950716
205,0.194415,0.367360046,2.221662697
206,0.169202,0.367360046,0
207,0.220319,0.367360046,0.305802193
208,0.177756,1.987661462,36.76141124
209,0.21899,1.19258084,13.41657805
210,0.196167,0.42453417,4.126443538
211,0.207801,1.264254721,12.94053755
212,0.257264,0.367360046,4.023902516
213,0.206109,1.113740793,11.55567275
214,0.221954,0.367360046,3.189665307
215,0.235401,0.378622866,1
216,0.173483,0.367360046,1.455438911
217,0.151899,0.419840054,2.443472608
218,0.187719,0.533496006,3.673665564
219,0,1.517892425,3.78226809
220,0.233223,0.367360046,2.02396737
221,0.201772,1.614385808,32.55955724
222,0.19693,0.875186243,7.230364477
223,0.17009,1.3677709,7.555189154
224,0.13249,0.802994785,1
225,0.203758,0.537786129,4.150442783
226,0.193049,1.492505658,3.791463083
227,0.20426,1.874009814,29.31787464
228,0.184488,0.395999441,5.303963805
229,0.210053,0.472954711,3.940537552
230,0.184488,0.485853726,3.910488924
231,0.215979,0.439565626,5.964504922
232,0.192454,0.367360046,0.887804123
233,0.203758,0.954833587,5.951684445
234,0.201725,0.385728049,3.66928166
235,0.204236,0.39360005,3.389528663
236,0.196548,0.848394164,42.76602636
237,0.244433,0.412288835,1.758421407
238,0.217091,0.367360046,4.556601505
239,0.20518,2.431760966,26.98982626
240,0.248907,1.607352582,19.13136456
241,0.178838,0.596683023,5
242,0.24682,0.367360046,3.416022442
243,0.23425,0.756114733,5
244,0.248161,0.394433933,2
245,0.235279,0.531489002,3.940472698
246,0.237859,0.568419567,6.991777336
247,0.260957,0.394283839,2.389232012
248,0.237673,0.50845141,8.05013809
249,0.23353,0.437975787,4.827830569
250,0.214085,0.367360046,2.189596353
251,0.219947,0.385728049,3.940472698
252,0.243974,0.394131894,3.109600538
253,0.23781,0.367360046,3.841786371
254,0.251727,0.38270702,1
255,0.235795,0.367360046,2.821612656
256,0.193713,0.38405823,1.922994718
257,0.24236,0.367360046,7.425159987
258,0.25369,0.413776091,3.02396737
259,0,3.171877752,25.32199904
260,0.207367,0.367360046,2.278300752
261,0.206155,0.878331917,4.686724856
262,0.192771,0.367360046,3.604966578
263,0.18445,0.594463898,4.1112291
264,0.1849,1.542495735,10.63028172
265,0.192763,1.170425915,7.606452419
266,0.182602,0.689937232,5.967619717
267,0.204535,1.85294531,20.14308022
268,0.187217,1.035809942,18.23399432
269,0.216133,0.501656784,8.084948992
270,0.236808,0.424626638,3.940537552
271,0.187256,0.377849832,1
272,0.243258,1.717856642,33.29515765
273,0.231925,0.90734166,9.684938303
274,0.185276,0.684044509,5
275,0.198043,0.401748392,3.737237198
276,0.224883,0.792923513,20.81454964
277,0.201996,0.547407934,59.79771344
278,0.223888,2.11561539,13.0690541
279,0.246549,0.605509013,9.118795188
280,0.24742,0.469202526,8.448346221
281,0.232873,0.555008318,9.398208131
282,0.23425,0.694353634,9.107397188
283,0.205226,2.670979745,30.66424239
284,0.180146,1.088662721,5.93584176
285,0.240633,0.367360046,1.999935146
286,0.247959,0.413884637,4.863195939
287,0.248638,0.378164754,4.840684678
288,0.214219,0.367360046,3.134738732
289,0.219889,1.785374084,20.7443359
290,0.237735,0.428615949,4.279348089
291,0.188068,0.389083868,1.94393267
292,0.258586,0.40884327,5.02396737
293,0.192886,0.506345642,3
294,0.229146,0.367360046,0.940537552
295,0.150853,1.192455489,11.40642846
296,0.228149,7.418258129,49.51813975
297,0.241161,0.367360046,3.946625757
298,0.159127,1.946697841,30.08305483
299,0.218077,0.367360046,3.414723657
300,0.175351,0.367360046,0
301,0.223888,1.895132663,12.3705881
302,0.160472,0.427106569,3.305802193
303,0.235644,0.425994158,6.02396737
304,0.203571,0.367360046,2.189596353
305,0.246416,0.762650138,11.09813768
306,0.186757,1.001338326,6.301746862
307,0.220688,1.193913135,21.03005558
308,0.206482,0.475985979,6.365199787
309,0.227659,0.367360046,1.999935146
310,0.256547,0.377849832,5.118730335
311,0.241197,0.577779855,7.940472698
312,1,0.367360046,0
313,0.212354,0.390035772,2.827830569
314,0.23222,0.615680347,10.55891471
315,0.258513,0.976193766,17.51270402
316,0.242869,0.41872132,4.684938303
317,0.137821,0.749897337,5.469813814
318,0.227636,0.656533103,9.142827412
319,0.219889,0.470402474,9.043953181
320,0.198736,0.385728049,1
321,0.203799,0.430336055,6.467897106
322,0.206717,1.991720497,21.42619773
323,0.224219,0.422076132,3
324,0.19309,0.793088611,7.925281043
325,0.205452,0.367360046,1.063221769
326,0.250964,0.867854296,14.92340721
327,0.199169,3.011090639,12.34503652
328,0.21066,0.367360046,6.869721721
329,0.244827,0.662024753,10.31733612
330,0.226335,1.148736908,15.08342982
331,0.197058,1.359960574,19.32976956
332,0.242038,0.404096051,2.552141939
333,0.224053,1.046425667,9.299124462
334,0.243713,0.484844681,8.684873449
335,0.196849,0.387768938,2.682341078
336,0.232357,0.367360046,1.059397594
337,0.238919,0.489756996,4.594344932
338,0,5.53E-01,3
339,0.215399,0.367360046,19.106163
340,0.163672,0.386925976,1.94393267
341,0.201549,2.326746016,20.19834921
342,0.23389,0.722825438,18.18674759
343,0.260137,0.639408568,3.964504922
344,0.215621,2.719741629,35.19435735
345,0.208229,0.540277367,8.821612656
346,0.219706,0.38405823,3.166859636
347,0.252282,0.367360046,2.940472698
348,0.256029,0.367360046,2.118795188
349,0.21305,0.412808134,3.999935146
350,0.220956,2.66103219,9.221956263
351,0.178557,5.147819274,47.50485754
352,0.231726,0.367360046,4.146790281
353,0.187719,1.072287425,9.365134934
354,0,1.355435408,5.922994718
355,0.221924,3.985720526,37.63586563
356,0.204031,1.604266031,6.130677367
357,0.177479,2.859577458,30.89802959
358,0.184653,0.367360046,1.126374584
359,0.206615,0.367360046,3.264646037
360,0.203299,0.367360046,1.343362428
361,0.205597,0.635910708,2.912043304
362,0.189509,0.367360046,7.340569748
363,0.213749,0.897476378,9.711901711
364,0.176266,0.367360046,0
365,0.199474,0.38143275,1.940537552
366,0.149361,0.367360046,0
367,0.247021,0.367360046,2.118795188
368,0.171364,0.367360046,0.887804123
369,0.211896,0.367360046,6.811172754
370,0.182746,0.367360046,0.94393267
371,0.180487,0.428586721,1
372,0.23817,0.636273187,15.9465609
373,0.1977,0.734561686,3.999935146
374,0.240433,0.7206977,13.07812002
375,0.216524,0.367360046,0
376,0.205226,0.461823425,7.365134934
377,0.241645,0.455788708,5.768368121
378,0.197917,0.367360046,1.083429818
379,0.175048,0.367360046,1.943772148
380,0.211405,0.367360046,7.651622169
381,0,0.833711793,8.075034449
382,0.176096,0.367360046,1.822698488
383,0.233846,0.367360046,3.910359131
384,0.165427,0.367360046,0
385,0.227579,0.491273354,5.083364964
386,0.182473,0.367360046,1.063221769
387,0.170149,0.367360046,0
388,0.230808,1.056777509,5.644547876
389,0.224163,1.014818871,17.82783057
390,0.236133,0.951513413,3.881075104
391,0.196721,0.367360046,1.423154924
392,0.187217,0.416985289,1.561082817
393,0.23395,0.533005449,5.67777475
394,0.230458,0.789910198,67.98114806
395,0.232517,3.177062802,18.66761518
396,0.236699,0.367360046,2.940472698
397,0.205876,0.42377638,6.259749972
398,0.2304,0.865638078,7.999935146
399,0.235461,1.025614263,11.12735
400,0.23353,0.663441801,5.422175501
401,0.207659,0.769741932,15.55317878
402,0.202442,0.367360046,0.94393267
403,0.224988,0.367360046,2.189596353
404,0.199126,0.896456996,7.684938303
405,0.206155,0.535510194,2.966411194
406,0.231866,0.9899181,23.94662576
407,0.262536,0.407515871,6.88101025
408,0.205134,2.494052638,17.34214004
409,0.24404,0.438037044,3.999935146
410,0.121483,0.485357779,12.08308601
411,0.234644,0.367360046,3.879145747
412,0.217195,0.367360046,3.704259302
413,0.166667,0.649448222,17.8195173
414,0.244892,0.712415256,7.128516543
415,0.227522,0.377849832,2.999935146
416,0.203076,3.307982823,30.48038419
417,0.220155,0.53761702,8.929840506
418,0.209425,1.474646993,12.22636744
419,0.157858,1.014881805,22.4866996
420,0.217838,0.915301644,18.36277791
421,0.214,0.410815198,3.339743005
422,0.196083,0.828475836,4.059397594
423,0.197657,0.729948821,4.87918621
424,0.215395,0.367360046,1.793672168
425,0.179704,0.367360046,0.868111193
426,0.164532,0.367360046,0
427,0.210344,1.066847557,20.03848222
428,0.211173,0.417259217,6.146950246
429,0.193747,0.470061971,1.89516863
430,0.162533,0.389083868,1.94393267
431,0.193098,0.367360046,0.288656681
432,0,0.605508217,4
433,0.233112,0.412795175,3.827830569
434,0.17488,0.397973384,8.526511741
435,0.246549,1.490064859,28.58503964
436,0.250412,0.665456424,8.424597382
437,0.246083,0.57327494,8.223409215
438,0.262687,0.393475745,3.964504922
439,0.217267,1.341525345,9.621617346
440,0.227921,0.539498106,11.94996661
441,0.206576,0.634255761,6.959609574
442,0.192316,0.474059254,2
443,0.177375,1.027702973,9.030000161
444,0.233547,0.367360046,38.67417844
445,0.199649,0.802921455,20.72358103
446,0.184975,0.621050924,37.96168203
447,0.23817,9.606549175,71.58564771
448,0.209318,0.367360046,3.021518087
449,0.184488,1.090147706,5.91464868
450,0.240623,0.380610157,8.202804796
451,0.20285,0.681964124,10.99781649
452,0.257928,0.39468286,10.25200908
453,0.239989,0.542078667,10.9612088
454,0.211565,0.42376285,5.317561389
455,0.215941,0.428586721,3.798293047
456,0.256909,0.823063614,24.15756163
457,0.231277,0.408031583,5.217062581
458,0.206109,1.607900921,12.40589992
459,0.20353,1.865412367,8.191351823
460,0.250688,0.382431678,6.744173836
461,0.21285,0.516401966,9.822852609
462,0.214656,0.378622866,1.940537552
463,0.193418,0.677822018,2.61007268
464,0.222358,3.355811057,20.87839574
465,0.196891,0.520426734,4.590468312
466,0.227035,0.390320049,1.940537552
467,0.248568,0.574708805,14.2616226
468,0.198132,0.367360046,1.999935146
469,0.205042,0.483349857,18.8074498
470,0.199344,0.447836661,8.163039345
471,0.22855,0.485954611,9.695163645
472,0.24261,1.860833312,33.33239043
473,0.266608,1.094961248,23.41595759
474,0.178313,0.569431789,11.99799109
475,0.215723,0.415347649,6.189665307
476,0.204169,0.705416902,17.61996118
477,0.217578,5.793329701,67.63386245
478,0.235705,1.391304896,20.27211968
479,0.237487,2.38244877,11.08342982
480,1,0.379748506,4.27008773
481,0.21241,0.367360046,16.18060578
482,0.223668,1.017685172,7.901871012
483,0.19187,0.561121758,8.534882484
484,0.157558,0.681160151,6.934677039
485,0.208086,2.759734995,98.76782282
486,0.216802,3.3088553,32.40491186
487,0.207132,0.400569395,21.30875154
488,0.201281,2.369472328,11.15034197
489,0.183005,0.847515818,6.122165633
490,0.172179,1.550177475,15.52937652
491,0.229529,2.481169842,24.47268381
492,0.200661,2.318343376,15.96033598
493,0.221655,2.618992425,35.69678046
494,0.213149,7.64575629,82.17913363
495,0.182529,0.469089443,3.526455477
496,0,0.546493891,11.69197887
497,0.199169,3.007167679,10.16917021
498,0.211811,2.039406474,14.63703549
499,0.221252,0.367360046,2.930485391
500,0.215163,2.828573692,41.03957203
501,0.200617,1.419158035,25.16394677
502,0.249248,2.348889807,41.6837981
503,0.138978,0.607548128,4.744400751
504,0.254114,0.506961651,10.16685964
505,0.244498,1.442357195,18.20222501
506,0.171171,0.367360046,0
507,0.189279,1.116160397,12.07931052
508,0.226561,3.235794234,46.02613384
509,0.217422,1.862813227,33.49610883
510,0.197229,0.504792649,5.625475855
511,0.244052,0.395932495,6.483930122
512,0.226956,0.482361765,9.008320033
513,0.223998,1.320115842,22.90043592
514,0.220314,1.045604928,18.54513541
515,0.260807,0.386410781,1.203938742
516,0.159099,0.856830941,4.922994718
517,0.231866,1.3707105,21.24994122
518,0.208706,0.462771937,3.910550142
519,0.216698,0.517780047,5.803733491
520,0.222847,1.1666519,22.18791414
521,0.193016,0.367360046,5.194685337
522,0.185238,1.862597349,22.23740797
523,0.211124,0.941197495,8.429569612
524,0.259977,0.367360046,3.083364964
525,0.180682,1.250811453,34.66691735
526,0.197743,0.399249697,5.716945129
527,0.208983,0.367360046,0.94393267
528,0.208229,4.20420327,39.25262935
529,0.178299,0.39845931,2.78226809
530,0.186757,0.419202969,2.056345575
531,0.197443,1.43656577,21.02396737
532,0.248432,1.026579805,11.42224036
533,0.231394,2.332084269,38.58717678
534,0.193459,1.250567494,10.1005501
535,0.252145,0.630728436,13.22625723
536,0.198,1.650071128,11.77627206
537,0.212552,0.70570898,5.933028665
538,0.220208,0.885862265,19.7800732
539,0.191186,1.377579013,4.966617472
540,0.176928,0.627475648,20.359101
541,0.215112,1.181623446,9.887865341
542,0.208801,1.109782114,41.33593448
543,0.207991,0.483150396,3.716669859
544,0.19383,4.742967886,12.98245773
545,0.205042,1.707640858,11.17578213
546,0.152764,0.367360046,0
547,0.236072,9.361948971,77.19959484
548,0.180111,6.915643153,38.07823905
549,0.220155,1.506816806,39.08395124
550,0.212305,3.647998808,26.51643498
551,0.220581,1.034320113,23.00242729
552,0.238008,0.367360046,2.02396737
553,0.23401,1.219240325,27.74974171
554,0.173988,0.459108332,2.94393267
555,0.194284,0.481431477,3.753587258
556,0.217329,0.38368716,1.94393267
557,0.20518,1.525334447,15.87371196
558,0.167585,0.424760055,2.94393267
559,0.219096,0.739259076,6.742225718
560,0.225105,0.831411143,18.49945226
561,0.212602,0.823111115,15.04585078
562,0.195284,0.645741065,8.485232629
563,0.199649,0.442445149,4.141870201
564,0.224053,0.475115237,9.574023729
565,0.197657,0.739823942,8.902579293
566,0.219995,4.383191358,23.68946633
567,0.235036,2.843168275,20.46541111
568,0.231807,0.921007156,13.45324157
569,0.206009,0.378164754,2.505015487
570,0.232279,12.08839187,162.0340387
571,0.223066,26.88361181,117.1725734
572,0.226111,0.943217805,26.05573668
573,0.213,7.481730702,67.52665375
574,0.200176,0.646901453,11.85448281
575,0.161239,1.119596511,17.02396737
576,0.219836,0.639056536,13.73697015
577,0.210393,2.738535027,47.45286947
578,0.254044,1.805681414,27.07474385
579,0.196083,0.934830595,6.726905423
580,0.173623,0.876584183,11.557147
581,0.219571,0.793894025,12.49351764
582,0.214757,1.708393317,8.366316733
583,0.243844,2.632117185,17.31663207
584,0.223888,5.953622891,23.36382646
585,0.20222,0.815644185,3.235715055
586,0.199387,1.018281937,4.423154924
587,0.226167,1.857451694,11.70710177
588,0.21049,2.517740644,13.94087798
589,0.213149,2.27005301,9.253946684
590,0.19416,2.092025542,5
591,0.208276,0.785618443,4.965385379
592,0.195662,0.925321966,7.334032746
593,0.218465,2.672916531,23.49686699
594,0.159135,0.395661765,1.868111193
595,0.205134,2.098637186,8.597309112
596,0.149606,0.367360046,0
597,0.195662,1.493441315,6.253946684
598,0.182291,0.367360046,0
599,0.202487,0.367360046,3.880890065
600,0.183669,0.496712743,15.76871177
601,0.216338,0.582821839,10.40350652
602,0.173022,0.367360046,0
603,0.209185,1.578504105,16.39694616
604,0.183374,3.254836001,22.15500435
605,0.1852,0.487908569,12.24725405
606,0.215196,0.48828273,4.971937441
607,0.182164,1.663736209,17.40229886
608,0.195242,1.052776187,4.868111193
609,0.189684,0.367360046,1.423154924
610,0.193213,3.878083214,15.39918967
611,0.215979,0.684806807,6.940377974
612,0.182602,1.663784596,8.078999772
613,0.168112,3.111856497,31.36599755
614,0.174488,1.091291481,13.8288015
615,0.196125,0.907058208,13.33180141
616,0.159099,2.622135666,24.59606792
617,0.184429,0.367360046,0.702664189
618,0.223723,4.678205272,34.60633843
619,0.234975,2.225521206,27.90201356
620,0.168112,0.874032139,5.603436301
621,0.168142,0.367360046,0
622,0.172701,0.848314109,6.762170532
623,0.189871,4.159619129,34.67968121
624,0.200264,0.562383553,5.64271473
625,0.207943,0.650266655,13.22484931
626,0.170887,0.654208287,17.92961043
627,0.191106,1.338629301,10.45600226
628,0.201906,3.109902673,18.00463935
629,0.245756,0.367360046,1.983641798
630,0.213199,0.566294383,7.188590929
631,0.204995,5.12082622,26.95393382
632,0.180075,1.043675158,18.27517084
633,0.221547,2.296133959,19.14771957
634,0.159769,2.153072113,13.9177939
635,0.201326,1.761070656,8.136171304
636,0.21191,2.350509435,27.0726818
637,0.173755,4.553417369,29.88039809
638,0.201504,0.506089006,6.597773289
639,0.194202,1.753041726,40.11701531
640,0.184525,1.569683156,21.31737542
641,0.184675,1.753990809,19.30525852
642,0.194284,0.99031216,4.129200244
643,0.216802,1.33144821,6.301748759
644,0.199737,1.830469578,13.38103066
645,0.241325,1.331629888,7.827830569
646,0.190745,1.169572428,9.929712644
647,0.204949,1.458083129,10.37152722
648,0.138009,0.966196581,8.522683154
649,0.211664,1.182678001,7.501645158
650,0.203621,1.06396423,8.847451486
651,0.187564,0.649249495,6.026820966
652,0.21973,1.541803467,13.794204
653,0.179049,3.402971288,20.63298964
654,0.163614,1.310856932,8.607704672
655,0.173938,0.367360046,0
656,0.223011,2.5925428,13.16825251
657,0.178383,0.711268615,5.095483798
658,0.156073,0.871439622,3
659,0,1.202438111,10.32737041
660,0.159135,0.367360046,0
661,0.191588,0.828862036,4.126443538
662,0.206062,0.514059238,5.646147936
663,0.171176,3.344350463,22.43933877
664,0.182492,2.198198425,8.943203763
665,0,0.570206309,4.804220027
666,0.181854,0.367360046,1.423154924
667,0.178838,0.506767624,4.604966578
668,0.208515,0.84785455,1.838459821
669,0.198691,2.04645135,9.158709773
670,0.184189,2.403378335,15.24921931
671,0.20394,2.251769886,26.85867325
672,0.162071,5.895719634,14.68239828
673,0.173988,3.594112819,16.21485365
674,0.188496,1.007161109,7.555189154
675,0.1952,1.088449213,9.325766958
676,0.193789,1.355224313,8.64271473
677,0.220474,5.558044666,19.79880134
678,0.200572,0.367360046,2.158709773
679,0.221979,4.153875031,11.97058458
680,0.185464,1.502376527,12.03263164
681,0.204072,0.367360046,3.404675337
682,0.208849,3.173679792,23.96464686
683,0.211173,2.737812067,21.73913248
684,0.177134,1.255285539,6.42726858
685,0.209126,0.367360046,4.716945129
686,0.193878,0.367360046,1.263747005
687,0.174722,1.006565753,5.582304959
688,0.22187,0.624561098,5.582151963
689,0.205736,6.876505302,29.42539298
690,0,4.29E-01,1
691,0.182748,2.275591708,20.00855696
692,0.159273,0.367360046,1.022684801
693,0.215112,1.691721042,12.76642106
694,0.208849,0.430811628,5.055339359
695,0.183353,0.367360046,3.349104512
696,0.166332,0.952798808,16.87729378
697,0.176334,0.367360046,0.977818384
698,0.184877,0.367360046,0
699,0.165068,0.367360046,0
700,0.216011,0.367360046,0.849739498
701,0,4.03E-01,1
702,0.17326,1.529625046,6.639826205
703,0.16688,0.367360046,0.343094523
704,0.181096,0.367360046,1.252335961
705,0.193384,0.367360046,0.977818384
706,0.178208,0.469563944,1.21683211
707,0.205221,0.367360046,2.823747961
708,0.195373,0.367360046,1.582304959
709,0.197485,0.668885294,8.160171823
710,0.159448,0.367360046,0
711,0.152,0.367360046,0
712,0.168328,0.367360046,0.470488191
713,0,0.918305485,15.38937067
714,0.181746,0.367360046,1.78226809
715,0.2098,0.475527173,29.0366131
716,0.193343,0.367360046,1.423154924
717,0.185426,0.860465357,8.64271473
718,0.183575,0.367360046,0
719,0.185087,1.020047285,8.298934128
720,0.213149,4.589630335,55.80960944
721,0.21385,0.829256102,5.66928166
722,0.191525,0.367360046,0
723,0.165366,0.608390856,3.188234382
724,0.184488,1.581777844,6.557085783
725,0.218099,2.339833839,15.66806549
726,0.192763,0.978735033,22.80257814
727,0.199256,0.826273515,4.075034449
728,0.193542,1.70631464,9.510825923
729,0.191025,0.826273515,1
730,0.158573,1.127947867,4.555189154
731,0.195619,1.206880977,31.8016562
732,0,1.728870372,11.58282911
733,0.165938,0.826273515,2.423154924
734,0.191025,0.826273515,1
735,0.179897,2.266985531,21.03926746
736,0.194202,0.926201894,7.85730254
737,0.180616,0.367360046,0
738,0.204352,0.691292613,10.21831463
739,0.20231,1.000937428,11.12194858
740,0.197571,0.430811628,1.548637093
741,0.216287,0.656144079,7.144683038
742,0.162974,0.367360046,0
743,0.185615,1.098366134,14.61874846
744,0.223503,0.397428231,8.083734432
745,0.194078,0.734843897,9.23706517
746,0.18768,1.948809077,22.22443092
747,0.216492,0.615384211,5.257113025
748,0.167248,0.695157024,2
749,0.173088,0.367360046,1.455438911
750,0.187693,0.367360046,0
751,1,0.459200059,1
752,0,1.064548753,7.034604052
753,0.224354,0.428586721,2.263747005
754,0,0.915803942,26.73890934
755,0.205433,0.367360046,2.686637733
756,0.211614,4.113086944,13.66379659
757,0.211271,0.926751828,9.307435284
758,0.18554,0.655578852,3.664896346
759,0.199213,1.272331259,7.738583545
760,0.150678,0.383802216,4.364573049
761,0.193098,0.367360046,5.782148169
762,0.189498,0.367360046,1.423154924
763,0.191155,0.367360046,0
764,0.199562,1.56239543,4.933173726
765,0.186389,0.367360046,0.887804123
766,0.186527,0.922457385,5.07509257
767,0.167864,1.033797426,14.05533936
768,0.191155,0.367360046,0
769,0.198778,1.111598219,11.50776959
770,0,0.808177989,3
771,0.196336,0.75998089,17.24451895
772,0.201683,0.77055518,7.565476413
773,0.214808,0.74322538,6.501018454
774,0.211124,0.897412117,11.9280101
775,0.186375,0.632257414,6.286431807
776,0.189279,0.705226222,4.263747005
777,0.204535,0.529057037,16.14319605
778,0.20499,0.420933387,1
779,0.188352,0.367360046,0
780,0.206529,0.409677097,10.8992343
781,0.17741,0.429091033,1.288656681
782,0.169674,0.367360046,0.887804123
783,0.191155,0.397973384,1
784,0,6.27E-01,5.464323073
785,0.206482,0.429091033,1
786,0.175091,0.855843495,13.62644889
787,0.221331,1.280996876,8.663534804
788,0.223723,0.572000252,3.302662352
789,0.201723,0.397973384,2.405328377
790,0.190955,0.367360046,0
791,0.170086,0.367360046,0.977818384
792,0.193631,0.367360046,1.78226809
793,0.180898,0.983093581,3.613153113
794,0.178195,0.367360046,0
795,0.178557,0.599178733,2.263482809
796,0.1809,0.367360046,0
797,0.195164,0.367360046,5.427665066
798,0.199257,0.367360046,0.702664189
799,0.216505,0.367360046,0.94393267
800,0.194628,0.367360046,1.423154924
801,0.193795,0.413280053,3.237874044
802,0.148874,0.367360046,0
803,0.189616,0.39360005,14.06509503
804,0.208181,0.431182792,3.72534899
805,0.152699,1.490584158,8.534400982
806,0.152239,0.713799882,5.991320869
807,0.207132,0.367360046,0.922994718
808,0.18013,0.367360046,0
809,0.175733,1.368739487,13.33735488
810,0.197828,0.878422043,8.44888694
811,0,0.816333557,3.922994718
812,0.191155,0.367360046,0
813,0.189684,0.367360046,0.702664189
814,0.156701,0.367360046,0
815,0.218735,0.367360046,0.89516863
816,0.159441,0.367360046,0
817,0.152279,0.367360046,0
818,0.166545,0.367360046,3.464323073
819,0.195839,0.367360046,0.192504442
820,0.186809,0.404096051,11.55014418
821,0.239108,6.123637417,128.8455071
822,0.234915,0.432124241,4.789797169
823,0.21675,2.903755931,36.07836979
824,0.171144,1.53653254,12.58215309
825,0.203621,0.792923513,1.21683211
826,0.202489,0.792923513,3.278300752
827,0.218413,4.297609795,22.81119599
828,0.187294,0.880411646,27.92594054
829,0.2,0.889491251,3.51758742
830,0.185805,0.792923513,1
831,0.185805,0.792923513,1
832,0.182455,0.792923513,1
833,0.194202,0.91743231,12.06620245
834,0.229125,3.164093544,31.15335375
835,0.211356,0.367360046,2.020346742
836,0.213149,0.690236348,5.968112688
837,0.221444,0.367360046,2.777817027
838,0.219254,2.076782645,23.32266012
839,0.206709,0.367360046,0
840,0.187848,0.367360046,0
841,0.197957,1.184335248,9.031475396
842,0.161956,0.680450425,5.611972697
843,0.193172,0.862093541,2.868111193
844,0.185843,0.583882687,1
845,0.200705,0.933267543,8.686413389
846,0,5.84E-01,1
847,0.202579,0.583882687,3.215147937
848,0.208038,1.191060368,12.70852767
849,0.150803,1.028756648,13.97580519
850,0.173524,1.00334015,29.2773393
851,0.173755,0.947333669,21.92844119
852,0.166271,0.956120388,3.887804123
853,0.18768,0.583882687,12.1766311
854,0.20137,0.697335031,6.440207809
855,0.169994,2.142077036,7.650271098
856,0,1.344633441,15.96000353
857,0.201588,0.439234839,4.189596353
858,0.17809,0.367360046,0
859,0.185971,0.367360046,0
860,0.189458,0.367360046,2.09676855
861,0.213249,0.485748876,6.494256542
862,0.19483,0.367360046,0.702664189
863,0.218638,0.367360046,5.862206968
864,0.151989,0.367360046,0
865,0.206141,0.367360046,1.126374584
866,0.179795,0.367360046,0
867,0.180611,0.489238406,1.536332389
868,0.159839,0.367360046,0
869,0.168795,0.397973384,2.151926168
870,0.207367,0.367360046,3.069763836
871,0.169485,0.367360046,0
872,0.195662,0.539140378,2.232589351
873,0.188664,0.397973384,2.455438911
874,0.172499,0.367360046,0
875,0.173648,0.367360046,0
876,0.211222,1.155573094,16.12261372
877,0.216165,0.397973384,4.404675337
878,0.172108,0.367360046,5.194685337
879,0.163379,0.660238458,11.67413121
880,0.129238,1.396443598,6.686637733
881,0.176334,0.367360046,0.887804123
882,0.169174,0.917683171,4.943772148
883,0.20353,0.483582559,3.745284239
884,0.206475,0.367360046,2.534400982
885,0.171628,0.43085249,4.542910554
886,1,2.308108486,4.434255761
887,0.196475,0.367360046,1.758364009
888,0.200176,0.430679594,3.014005671
889,0.191075,0.367360046,0.192504442
890,0.19541,0.809168664,7.908213982
891,0.167187,1.07751224,15.83325896
892,0.169199,0.367360046,4.61186306
893,0.184078,0.801678774,28.25935291
894,0.190407,0.428586721,1.702664189
895,0.197831,0.367360046,1.343206695
896,0.192121,0.367360046,1.423154924
897,0.175733,0.633406885,6.910488924
898,0.163764,0.367360046,0
899,0.170947,0.367360046,0.536332389
900,0.172401,0.39360005,8.351867369
901,0.191075,0.367360046,0.21683211
902,0.197831,0.397973384,2.72534899
903,0.151949,0.428586721,1
904,0.175476,0.367360046,5.408095221
905,0.185706,0.367360046,0.977818384
906,0.219208,0.367360046,5.140647123
907,0.190825,0.550539634,11.67818295
908,0.202805,0.564533721,1
909,0.205544,0.367360046,1.900813103
910,0.194581,0.367360046,1.368758278
911,0.215196,0.367360046,4.616909011
912,0.20231,0.453052079,3.199145605
913,0.202622,0.367360046,2.064264927
914,0.160784,1.921977344,11.41694588
915,0.188247,0.367360046,5.194685337
916,0.197871,2.456832499,102.4107501
917,0.164477,0.367360046,0
918,0.207564,0.914769017,12.70432826
919,0.18328,0.367360046,0.561082817
920,0.212602,0.511475929,3.223910221
921,0.174545,0.367360046,0
922,1,0.367360046,0
923,0.180454,0.367360046,7.085821109
924,0.171203,0.367360046,0
925,0.206141,0.367360046,2.14387115
926,0.198302,5.592513285,40.83656179
927,0.190795,0.434709389,3.888654844
928,0.200836,0.367360046,12.19386246
929,0.155924,0.367360046,0
930,0.184802,0.367360046,3.464323073
931,0.171369,0.8740463,11.14523731
932,0.198823,0.413280053,2.407693685
933,0.18484,0.367360046,0
934,0,0.404096051,1
935,0.193425,0.367360046,1.126374584
936,0.203115,0.367360046,1.311341482
937,0.197235,0.367360046,2.14387115
938,0.178999,0.367360046,0
939,0.199825,0.367360046,2.766517352
940,0.20128,0.367360046,1.126374584
941,0.182364,0.367360046,0
942,0.192608,0.453296058,4.260072193
943,0.171402,3.348361292,29.86301066
944,0.190785,0.744024902,2.188234382
945,0.217215,1.513829856,15.25345853
946,0.20204,0.471220369,3.736222386
947,0.196209,1.564561476,20.88715358
948,0.212439,0.451000058,3.775608246
949,0.205922,3.316753873,23.34620509
950,0.14813,0.462078821,2.868111193
951,0.215723,1.057213243,10.89958659
952,0.185592,0.367360046,0.868111193
953,0.191266,0.445791404,1.977818384
954,0.190109,0.670371031,2.343206695
955,0.192,0.423928171,2.126374584
956,0.160253,0.367360046,0
957,0.185441,0.367360046,5.187271537
958,0.203348,2.706380463,9.457513902
959,0.172734,1.358298115,2.282253809
960,0.200484,0.973798355,4.954123434
961,0.173689,1.525021689,15.03337303
962,0.20667,2.333978128,8.062216345
963,0.202355,0.498234629,4.854421595
964,0.213499,2.717875706,20.32833927
965,0,1.438944848,6.164609918
966,0.203803,2.607768482,22.01155147
967,0.211222,0.695536395,8.332917914
968,0.14076,0.450337937,1.868111193
969,0.207754,0.462242103,4.919289298
970,0.200617,1.802571231,13.8492173
971,0.169174,0.449516837,10.9243888
972,0.172891,0.367360046,0
973,0.1892,0.698503372,4.783915592
974,0.175496,1.370816802,4.868111193
975,0.197571,0.549732419,5.791105911
976,0.192397,0.446629079,2.455438911
977,0.209185,0.504457353,4.604333579
978,0.163086,1.268869066,8.339743005
979,0.19852,0.367360046,0
980,0.200308,0.665801111,8.614853873
981,0.202664,0.367360046,2.303852336
982,0.177687,0.917774899,4.791105911
983,0.198605,0.643670112,6.207854198
984,0.226335,1.851837238,16.81764777
985,0.194783,1.201298591,4.942487771
986,0.199083,0.367360046,1.791105911
987,0.183966,2.229364759,17.6054214
988,0.18607,20.73594071,38.33368892
989,0.218234,0.422464054,17.50647484
990,0.14902,0.367360046,0
991,0.242674,1.39217985,23.81115012
992,0.183189,3.621779709,36.65823545
993,0.197058,2.049639708,15.34731998
994,0.190079,0.367360046,7.007233628
995,0.150875,0.367360046,0
996,0.166241,0.367360046,0
997,0.142745,0.367360046,0
998,0.1849,0.70611695,4.768924296
999,0.147812,0.367360046,0
1000,0.198952,1.214361875,7.219744668
1001,0.208914,0.367360046,0.702664189
1002,0.190626,0.511737226,9.702724538
1003,0.183686,0.367360046,0
1004,0.192081,0.367360046,0
1005,0.191548,0.482641602,3.646596859
1006,0.193418,0.624749554,15.66305695
1007,0.169202,0.428586721,1
1008,0.20714,0.652089825,27.94437214
1009,0.144235,0.367360046,0
1010,0.194043,0.367360046,0
1011,0.190875,0.367360046,0.94393267
1012,0.149361,0.367360046,0
1013,0.159135,0.367360046,0
1014,0.172825,0.367360046,0
1015,0.208219,0.367360046,7.157632025
1016,0,4.29E-01,1
1017,0.186465,0.367360046,3.564536181
1018,0.166393,0.367360046,0
1019,0.148341,0.428586721,1
1020,0.156031,0.367360046,0
1021,0.218968,0.489813397,7.505567291
1022,0.188274,0.367360046,4.903433202
1023,0.148178,0.546406795,4.526455477
1024,0.159135,0.367360046,0
1025,0.214773,0.410093767,3.452681478
1026,0.198608,0.367360046,9.168666564
1027,0.166941,0.367360046,0
1028,0.2086,0.367360046,0.753587258
1029,0.114548,1.023823842,1.702664189
1030,0,0.904634005,4.561082817
1031,0.14522,0.367360046,0
1032,0.195872,0.38270702,6.565318691
1033,0.172636,0.570053445,3.977818384
1034,0.195717,0.367360046,14.09305474
1035,0.18171,0.367360046,0
1036,0.165427,0.367360046,0
1037,0.186198,0.367360046,0
1038,0.192527,0.367360046,0
1039,0.177674,0.367360046,1.126374584
1040,0.174046,0.367360046,1.252335961
1041,0.213084,0.397973384,4.582211823
1042,0.195456,0.367360046,0
1043,0.204393,0.459200059,2.263482809
1044,0.181836,0.452434676,1.548637093
1045,0.188691,1.260625739,1.977818384
1046,0.208133,2.162609919,10.49271368
1047,0.180396,0.434317918,10.8065484
1048,0.17596,0.367360046,0.288656681
1049,0.185178,0.367360046,0.977818384
1050,0,4.78E-01,4.682341078
1051,0.179614,0.617161419,4.151926168
1052,0.207887,0.367360046,4.49344869
1053,0.187628,0.404096051,2.205248528
1054,0.180503,0.526983869,14.1935907
1055,0.172108,0.367360046,1.78226809
1056,0.209811,1.208096523,6.209874142
1057,0.201191,0.367360046,10.21595894
1058,0.152279,0.436240056,1
1059,0.208552,0.367360046,1.059397594
1060,0.166363,0.367360046,0
1061,0.190426,0.514285793,4.122165633
1062,0.164502,0.404096051,6.734578728
1063,0,0.428586721,1
1064,0.184035,0.367360046,0
1065,0.205783,0.426219692,5.963735994
1066,0.203484,0.620751422,28.92562254
1067,0.20225,0.367360046,0.687077961
1068,0.187244,0.367360046,0.282253809
1069,0.175351,0.397973384,2.78226809
1070,0.235157,0.420616937,10.1759746
1071,0.206803,0.367360046,0.94393267
1072,0.175858,0.367360046,0
1073,0.148172,0.367360046,0
1074,0.184057,0.367360046,0
1075,0.164115,0.459297203,7.459283731
1076,0.184728,0.367360046,9.515296262
1077,0.161017,0.367360046,0
1078,0.186719,0.451511474,2.343206695
1079,0.188262,0.694127795,8.742165526
1080,0.185971,0.367360046,0.857480116
1081,0.177294,0.428586721,1.288656681
1082,0.205399,0.413280053,2.831736793
1083,0.170332,0.367360046,0.631989424
1084,0.198,0.873707856,11.74216553
1085,0.146271,0.367360046,0
1086,0.177166,0.367360046,1.263482809
1087,0.15562,0.720209743,5.822698488
1088,0.188988,0.413280053,4.98240453
1089,0.194119,0.917034294,9.75714038
1090,0.666667,0.367360046,0
1091,0.201993,0.367360046,9.168666564
1092,0.155381,0.552111485,4.176460804
1093,0.187461,0.367360046,5.194685337
1094,0.199169,0.411386153,2.590468312
1095,0.191436,0.367360046,0
1096,0.16986,0.367360046,0
1097,0.192283,0.367360046,1.063221769
1098,0.152239,1.425900105,5.887544295
1099,0.182856,0.367360046,2.91464868
1100,0.178964,0.367360046,3.564536181
1101,0.19664,0.367360046,4.142076644
1102,0.184952,0.367360046,3.464323073
1103,0.18124,0.367360046,0
1104,0.165999,0.44612944,8.543566017
1105,0.194456,0.367360046,6.539963381
1106,0.165879,0.367360046,0
1107,0.16468,0.367360046,6.6058113
1108,0.207037,0.367360046,5.898578835
1109,0.203073,0.367360046,3.063969472
1110,0.189684,0.397973384,2.77627206
1111,0.23212,0.367360046,3.278369706
1112,0.172629,0.413280053,13.00669171
1113,0.169362,0.801396298,4.537446453
1114,0.192812,0.367360046,1.252335961
1115,0.154891,0.367360046,0.666897579
1116,0.172297,0.367360046,0
1117,0.196506,0.858575674,6.632465874
1118,0.188508,0.428586721,10.02959326
1119,0.168452,0.367360046,3.464323073
1120,0.208029,0.367360046,0.94393267
1121,0.165668,0.367360046,6.6058113
1122,0.187025,0.92278543,20.68928814
1123,0.190079,0.367360046,1.126374584
1124,0.163584,0.781451291,10.22717442
1125,0.172473,1.766572448,23.65135309
1126,0.182546,0.367360046,0
1127,0.164919,0.367360046,0.282253809
1128,0.184653,0.413280053,4.289397012
1129,0.170819,0.428586721,2.943772148
1130,0.202712,0.367360046,4.327370411
1131,0.187064,0.637652576,8.409435465
1132,0.159552,0.39360005,2.582304959
1133,0.15917,0.367360046,3.464323073
1134,0.190158,0.390320049,1
1135,0.184019,0.367360046,5.468095464
1136,0.205597,0.503221644,6.209186382
1137,0,1.1713948,8.540283486
1138,0.17596,0.367360046,3.405003447
1139,0.206281,0.367360046,2.428013179
1140,0.18063,0.367360046,0
1141,0.191516,0.367360046,1.910488924
1142,0.179034,0.459200059,2.78226809
1143,0.178383,1.193169629,4.455438911
1144,0.15972,0.367360046,0
1145,0.193179,0.39360005,4.464323073
1146,0.199868,1.740733329,47.04539541
1147,0.187269,0.367360046,5.408095221
1148,0.159135,0.367360046,0
1149,0.188223,0.446629079,1.684766821
1150,0.18759,0.367360046,2.83464092
1151,0.178299,0.367360046,0
1152,0.204164,0.367360046,4.132985605
1153,0.139638,0.497542104,2
1154,0.165427,0.367360046,0
1155,0.165277,0.367360046,0
1156,0.159937,3.060265073,9.25158558
1157,0.1947,4.035654331,32.72753311
1158,0.184802,0.367360046,3.464609168
1159,0.161984,1.054475601,9.125362614
1160,0.137302,0.616054333,3.154815927
1161,0.23353,1.749094498,18.80932519
1162,0.192845,0.534129239,6.913552392
1163,0.164384,0.367360046,0
1164,0.168891,0.548653611,1.804220027
1165,0.162013,0.89563431,4.188234382
1166,0.194581,0.367360046,5.227701935
1167,0.192591,0.387768938,2.78226809
1168,0.170631,0.834189769,21.31921745
1169,0,6.42E-01,2.922994718
1170,0.159433,1.110583841,7.100256533
1171,0.158636,0.413280053,1.343094523
1172,0,0.610298563,9.879036641
1173,0.16236,0.822360271,7.252335961
1174,0.139813,0.367360046,0
1175,0.173549,0.367360046,3.075640308
1176,0.212404,3.90774127,60.74864956
1177,0.182986,0.428167361,2.188234382
1178,0.19865,0.367360046,0
1179,0.193141,0.395037859,1.868111193
1180,0.194504,0.367360046,2.476802182
1181,0.179367,0.395037859,2.965385379
1182,0.180809,0.367360046,0
1183,0.198358,0.43278033,3.379527995
1184,0.161188,0.367360046,0
1185,0.191436,0.367360046,3.075034449
1186,0.187732,0.367360046,5.149599986
1187,0.177951,0.367360046,3.020170471
1188,0.194866,0.789610562,11.27183912
1189,0.171235,0.367360046,3.742537887
1190,0.159099,1.54644266,15.59434064
1191,0.148275,2.304523494,20.58540204
1192,0.222765,0.367360046,7.312743257
1193,0.174923,1.030099852,14.41219653
1194,0.216441,1.097741092,6.700018953
1195,0.188586,0.367360046,1.126374584
1196,0.171751,0.367360046,0.514463591
1197,0.201593,0.834285364,9.630281725
1198,0,0.642659395,8.44888694
1199,0.191315,0.367360046,1.682341078
1200,0.182895,1.328911291,39.62524648
1201,0.207896,1.396110432,29.45857255
1202,0.167586,0.560360703,2
1203,0.149166,0.367360046,0
1204,0.165516,0.902539589,2.44888694
1205,0.187359,0.367360046,2.639826205
1206,0.192779,0.367360046,1.845929577
1207,0.187115,0.367360046,1.022684801
1208,0.214588,0.367360046,1.405328377
1209,0.195834,0.367360046,0.753587258
1210,0.19732,0.367360046,18.7343855
1211,0.151631,1.260121702,14.11267102
1212,0.146181,3.010058025,12.08776793
1213,0.17276,0.367360046,2.606845237
1214,0,4.13E-01,1
1215,0.21706,0.618231412,12.36025288
1216,0.199913,0.367360046,1.61007268
1217,0.195503,0.367360046,3.098920884
1218,0.152432,0.367360046,0
1219,0.179125,0.395037859,8.752718687
1220,0.179316,0.367360046,0
1221,0.186566,0.532455086,4.539899193
1222,0.147026,0.367360046,0
1223,0.166241,0.600757393,5.055441932
1224,1,0.538599305,4.059397594
1225,0.183337,0.881415958,6.78226809
1226,0.211222,1.509838087,21.27046243
1227,0.169331,0.580056904,1.548637093
1228,0.174454,0.73292869,10.31252574
1229,0,2.393538453,33.55100727
1230,0.148347,0.49361967,8.194685337
1231,0.202265,0.526893053,21.04512118
1232,0.181294,0.595724802,11.32379913
1233,0.175486,0.416341387,1.561082817
1234,0.14669,0.367360046,0.977818384
1235,0,1.060073134,13.9626451
1236,0.189172,0.367360046,10.50721108
1237,0.198865,0.477144121,7.539643617
1238,0.168081,0.566723515,4.91464868
1239,0.191637,0.367360046,1.022684801
1240,0.149141,0.367360046,1.943772148
1241,0.230594,0.367360046,1.488801502
1242,0.181873,0.665026626,8.009711489
1243,0.170819,0.367360046,1.78226809
1244,0.181493,0.367360046,1.423154924
1245,0.178543,0.367360046,0
1246,0.164265,0.367360046,0
1247,0.169268,0.756943938,17.92917853
1248,0.159916,0.424504943,3.456251447
1249,0.179724,0.367360046,9.515296262
1250,0.172669,0.7866352,3.126374584
1251,0.17926,0.533392637,11.62505149
1252,0.204714,0.367360046,0
1253,0.179472,1.72848299,22.22546502
1254,0.165637,0.367360046,0
1255,0.194664,0.465322727,5.464609168
1256,0.166515,0.367360046,1.126374584
1257,0.19732,0.428586721,2.151926168
1258,0.189419,0.367360046,2.478233062
1259,0.19196,0.367360046,0.838459821
1260,0.165307,0.367360046,0
1261,0.210247,3.557108252,44.47402198
1262,0.150993,0.367360046,0
1263,0.191919,0.367360046,0.548637093
1264,0.184226,0.437302574,6.416083088
1265,0,2.811765817,40.16322485
1266,0.160648,0.367360046,0
1267,0.16892,0.367360046,3.604966578
1268,0.168359,0.367360046,0
1269,0.152585,0.367360046,0.514463591
1270,0.197745,0.367360046,0
1271,0.150868,0.367360046,0
1272,0.189605,0.367360046,0.887804123
1273,0.19813,0.47851842,12.27660674
1274,1,0.868990606,8.822698488
1275,0.170942,0.367360046,0
1276,0.177917,0.367360046,2.221662697
1277,0.198433,0.367360046,2.187978991
1278,0.182546,0.367360046,0
1279,0.129425,0.367360046,0
1280,0.137219,0.871321582,6.830890902
1281,0,1.00781987,7.405003447
1282,0.166484,0.749750457,28.64903418
1283,0.143419,0.701861564,5.20931095
1284,0.164263,1.079007235,8.504671923
1285,0.181529,0.367360046,1.126374584
1286,0.178879,0.367360046,2.434255761
1287,0.181276,0.367360046,2.878593835
1288,0.133597,0.776962513,2
1289,0,4.70E-01,1
1290,0.179497,0.409952516,2.126374584
1291,0.160366,0.367360046,0
1292,0.174856,1.504170373,1.433635669
1293,0.186566,1.325823825,33.35138489
1294,0,3.90E-01,1
1295,0.183632,0.597495792,2.94393267
1296,0.17914,0.367360046,12.19386246
1297,0.166423,0.367360046,0.220327049
1298,0.166241,0.367360046,0
1299,0.167309,0.367360046,0
1300,0.175395,5.21121964,154.8027546
1301,1,0.634142923,2.78226809
1302,0.191789,0.895706558,17.59227498
1303,0.159127,0.766515344,13.08347684
1304,0.158545,0.604677895,1.868111193
1305,0.183632,2.120697918,14.3671532
1306,0.18079,0.8127954,17.09694691
1307,0.178698,0.501262086,8.100256533
1308,0.152341,0.68177776,2.804220027
1309,0.177721,0.727567789,14.72119708
1310,0.169832,0.367360046,0
1311,0.178718,0.367360046,15.81973682
1312,0.18873,0.439954858,1
1313,0.190069,0.550301336,6.364573049
1314,0,3.88E-01,1
1315,0,2.52057931,7.058191577
1316,0.147026,0.367360046,0
1317,0.136479,0.485537206,2
1318,0.19664,0.459200059,2.583767618
1319,0,0.641125428,6.343362428
1320,0.179548,0.367360046,0.514463591
1321,0.169931,1.631869809,3
1322,1,0.367360046,0
1323,0.120779,0.367360046,0
1324,0.210916,0.367360046,4.187013001
1325,1,0.551040396,1
1326,1,0.551040396,1
1327,0.134684,0.673628359,4.343094523
1328,0.178978,1.917603335,64.10725368
1329,0.191186,1.502082684,19.20490543
1330,0.177306,0.693190226,6.296731682
1331,0.176073,1.953906152,8.621996814
1332,0.132251,0.367360046,0
1333,0.163529,0.367360046,0
1334,1,0.543603408,5.977818384
1335,0.193139,0.367360046,24.20961369
1336,0,4.13E-01,1
1337,0.192316,2.459989264,24.32266012
1338,0.145018,0.573437654,2.514463591
1339,0.180024,0.367360046,4.286940013
1340,0.189605,0.367360046,4.538707362
1341,0.197016,0.913431236,20.95413871
1342,0.141967,0.455207377,3.78226809
1343,0.180237,0.367360046,0.154815927
1344,0.150853,0.471622894,3.582304959
1345,0.203212,0.800493579,27.40548506
1346,0,4.48E-01,1
1347,0.184952,0.367360046,3.034604052
1348,0,3.98E-01,1
1349,0.168951,0.46576006,6.538707362
1350,0.179175,0.367360046,0
1351,0.19659,0.699083,11.8225955
1352,0.132336,0.605888994,7.972471613
1353,0,4.03E-01,1
1354,0.163327,0.485440063,5.664749861
1355,0.18038,0.367360046,1.423154924
1356,0,0.404096051,1
1357,0.191709,0.718708942,17.11907414
1358,0.207745,0.367360046,5.046914127
1359,0.193131,0.538361952,2.188234382
1360,0.18271,0.459200059,8.007233628
1361,0.199301,0.367360046,0
1362,0.195759,0.367360046,8.872418294
1363,0.177065,0.760144144,11.95100578
1364,0.175182,0.367360046,2.221662697
1365,0.205962,0.495936064,4.766517352
1366,0.196509,0.367360046,2.878593835
1367,0.205723,0.367360046,1.122165633
1368,0.185441,0.367360046,1.78226809
1369,0.187179,0.82724023,19.60380239
1370,0.20421,0.404096051,1.94393267
1371,0.17596,0.367360046,1.252335961
1372,0.187603,0.785391834,6.187271537
1373,0.198778,6.877953685,79.95893145
1374,0.190626,0.789125425,8.471632959
1375,0.184525,0.446776346,14.42185976
1376,0.154119,1.270152978,6.822698488
1377,0,0.452434676,1
1378,0.175665,0.432613679,1.977818384
1379,0,1.695694585,4
1380,0.206295,1.278619264,11.32055207
1381,0.204027,0.367360046,1.947150155
1382,0.177756,0.482899755,6.589498041
1383,0.177501,0.404096051,15.79194246
1384,0.186833,0.880717896,8.948061102
1385,0.159135,0.367360046,0
1386,0.188714,0.401374866,2.925399482
1387,0.18517,0.367360046,2.296731682
1388,0.167615,0.367360046,1.455438911
1389,0.193064,0.367360046,0.94393267
1390,0.1645,0.80550828,6.387405278
1391,0.192519,0.68788422,3
1392,0.190198,0.367360046,5.898578835
1393,0.16019,0.424447259,2.582304959
1394,0,3.94E-01,1
1395,0.159832,0.367360046,0
1396,0.176996,1.351863141,13.00723363
1397,0.169832,0.367360046,0
1398,0.158517,0.533785922,14.1418231
1399,0.177225,0.367360046,0
1400,0.159692,0.367360046,1.582304959
1401,0.165426,0.562144965,2
1402,0.20667,2.310648942,30.02316781
1403,0.196003,0.367360046,3.604966578
1404,0.148856,0.837406824,6.514463591
1405,0.16685,0.789273413,9.633893761
1406,0.158471,0.367360046,0
1407,0.155064,0.487847023,2
1408,0.159385,0.367360046,0
1409,0.206632,0.404096051,2.924456768
1410,0,5.29E-01,3.822698488
1411,0.176928,0.612030832,3.822698488
1412,0.180969,0.771445103,10.46809546
1413,0.222928,0.367360046,3.172040564
1414,0.17809,0.367360046,3.364573049
1415,0.164948,0.367360046,0
1416,0.181728,1.31685667,10.60496658
1417,0.179578,0.687124559,7.291822558
1418,0.16507,0.367360046,1.822698488
1419,0.175182,0.367360046,5.427665066
1420,0.188029,0.490912141,2.583767618
1421,0.164292,0.535674658,3.822698488
1422,0.153161,0.488478737,1
1423,0.180754,1.048544113,7.816872142
1424,0,5.20E-01,2
1425,0.169987,0.367360046,0
1426,0.157612,0.435241886,1
1427,0,4.16E-01,1
1428,0.169111,0.468348495,1
1429,0.196806,0.367360046,5.387234669
1430,0.176266,0.367360046,0
1431,0.177536,0.367360046,0
1432,0.17345,0.367360046,0
1433,0.173988,0.504472534,4.887544295
1434,0.129252,0.404096051,1
1435,0.187384,0.413280053,2.822698488
1436,0.165337,0.367360046,0
1437,0.179563,0.397973384,1
1438,0.169994,0.555270545,2
1439,0.177999,0.470162203,7.459283731
1440,0.181782,0.367360046,1.845929577
1441,0.13803,0.452278416,1.561082817
1442,0.199257,0.367360046,0.192504442
1443,0.176722,1.002107974,6.78226809
1444,0.163558,0.367360046,4.903433202
1445,0.156701,0.367360046,0
1446,0.189487,0.459200059,2.44888694
1447,0.186389,0.367360046,1.423154924
1448,0.196294,0.564533721,2.657621926
1449,0,0.788496234,4.252335961
1450,0.183005,0.522431462,7.604966578
1451,0.145455,0.367360046,6.6058113
1452,0.209041,1.013313025,13.14723107
1453,0.157042,0.874804687,7.405003447
1454,0.206249,7.736997826,65.28689722
1455,0.183575,0.367360046,0.410803177
1456,0.178803,0.455207377,2
1457,0.190148,0.671193443,17.076138
1458,0.175125,0.918455376,7.253946684
1459,0.169111,0.637528012,4.582304959
1460,0.206335,0.367360046,8.509248561
1461,0.191427,0.419321162,1.347320369
1462,0,5.400531625,22.01997839
1463,0.155897,0.367360046,0
1464,0.148516,0.457904991,1.514463591
1465,0.171429,0.367360046,0
1466,0.198477,0.367360046,2.934677039
1467,0.178404,0.367360046,0.288656681
1468,0.183189,0.676634859,6.296731682
1469,0.192934,0.367360046,0.977818384
1470,0.206227,0.367360046,1.597015547
1471,0.205969,0.817832193,10.77433608
1472,0.187294,0.786053627,14.6219551
1473,0.160875,0.367360046,1.78226809
1474,0.207982,0.367360046,1.343362428
1475,0.173048,0.395618512,2.78226809
1476,0.187886,0.367360046,0.561082817
1477,0.1459,0.803860074,5.666897579
1478,0.191717,0.367360046,5.194685337
1479,0.18079,0.520937191,13.55553617
1480,0.207281,0.426603453,3.632712251
1481,0.187487,0.826327753,8.92108935
1482,0.198909,0.367360046,1.880164917
1483,0.186222,0.446776346,7.978019536
1484,0,0.535663348,4.499480628
1485,0.171843,0.404096051,6.194685337
1486,0.172975,0.367360046,0
1487,0.196506,0.564634745,15.43854222
1488,0.206718,0.367360046,6.439607499
1489,0.200926,0.555105983,20.68874343
1490,0.154627,0.367360046,0
1491,0.153109,0.517152145,2.798507773
1492,0.196679,0.367360046,3.707667573
1493,0.213934,0.367360046,2.957938341
1494,0.186694,0.411443253,6.194685337
1495,0.167894,0.367360046,0.343094523
1496,0.190774,0.367360046,6.539963381
1497,0.174112,0.367360046,5.387234669
1498,0.220848,1.218501167,10.6164375
1499,0.191333,0.367360046,20.66418916
1500,0.137391,0.413280053,2.78226809
1501,0.164887,0.452278416,1
1502,0.189004,0.58117745,6.955858527
1503,0.190069,0.735065749,11.53421181
1504,0.188703,0.431988203,3.68324845
1505,0.221816,2.350906751,21.03159637
1506,0.205723,0.43800621,2.737543621
1507,0.174387,0.545859795,8.640496536
1508,0.18385,0.367360046,10.08347684
1509,0.148004,0.367360046,0
1510,0.185313,0.608265458,5.992885364
1511,0.201189,0.367360046,18.6516711
1512,0.14813,0.769103342,5.449450196
1513,0.169804,0.398251497,4.034604052
1514,0.182546,0.413280053,4.075640308
1515,0.188029,0.609071101,10.22717442
1516,0.197785,3.304241609,69.2565027
1517,0.170937,0.367360046,5.194685337
1518,0.196594,0.367360046,4.11943017
1519,0.17741,0.872991796,11.55509734
1520,0.17974,0.367360046,1.260072193
1521,0.18777,0.367360046,0.192504442
1522,0.186299,0.502569188,3.657621926
1523,0.168361,1.007413338,37.23940441
1524,0.180754,0.580761658,5.803181283
