,TOPSIS,VIKOR
0,0.07176684127620239,886.0
1,0.0597151543564856,1274.0
2,0.06531113062836737,1301.0
3,0.06327700183353888,1334.0
4,0.07866148307823775,1326.0
5,0.06579963039799856,1325.0
6,0.06063357767995319,1224.0
7,0.05849618590950867,751.0
8,0.0665665561628023,480.0
9,0.07259634613745425,922.0
10,0.05847418131263928,312.0
11,0.061586788573607755,1322.0
12,0.06168209299737499,1090.0
13,0.08254759559713208,50.0
14,0.07147089694175422,571.0
15,0.06874547232600398,473.0
16,0.07129012495432337,162.0
17,0.06986584692650828,82.0
18,0.06106975315596785,438.0
19,0.0681852539467526,407.0
20,0.06741679719137775,174.0
21,0.055924528050153265,570.0
22,0.0825643926730914,171.0
23,0.057205018667089776,247.0
24,0.09787408584350342,515.0
25,0.12226792531759707,343.0
26,0.06307152858870772,447.0
27,0.05793776898930011,315.0
28,0.07136841974037182,524.0
29,0.06203814505859259,292.0
30,0.07937034142312041,456.0
31,0.06913872705469241,452.0
32,0.07092324916167735,547.0
33,0.06343704551762411,578.0
34,0.06487967227407138,212.0
35,0.06558517093352434,49.0
36,0.0742421611151963,310.0
37,0.002326280189638055,85.0
38,0.06341695111964055,348.0
39,0.0696072994903693,504.0
40,0.05572061498462043,69.0
41,0.05495309953409348,502.0
42,0.051900932502238914,821.0
43,0.055214989247701976,37.0
44,0.06977707212766504,258.0
45,0.13785155146608,118.0
46,0.08392154834914367,148.0
47,0.05729167997962351,95.0
48,0.07376158220365103,167.0
49,0.795068378017428,535.0
50,0.06148758711196223,26.0
51,0.06270602212213128,326.0
52,0.07034434159704618,347.0
53,0.06996974624790656,240.0
54,0.05538256131687993,254.0
55,0.07036217261348054,436.0
56,0.12349147904760391,460.0
57,0.0644670131125914,67.0
58,0.07038628100994573,70.0
59,0.06284258999875522,155.0
60,0.042479519636134964,532.0
61,0.054207052821298216,435.0
62,0.06731309768041509,140.0
63,0.06460872415732023,583.0
64,0.07038221410480981,467.0
65,0.06867182745689668,10.0
66,0.07209805892276551,287.0
67,0.06473423778871945,244.0
68,0.07370086917664326,286.0
69,0.07220670997723881,114.0
70,0.06270436852416013,172.0
71,0.05691365901274098,79.0
72,0.07225425588915323,280.0
73,0.05256208974786493,73.0
74,0.07365702535535679,17.0
75,0.06857451562681456,305.0
76,0.05464917357879091,46.0
77,0.06112610423506256,505.0
78,0.07266554635370072,279.0
79,0.06820544350999484,367.0
80,0.0656820334945723,272.0
81,0.0778854566900614,242.0
82,0.06767549863309816,93.0
83,0.13126390544866956,437.0
84,0.07978773822020453,472.0
85,0.06254013429424511,414.0
86,0.06817242667535019,629.0
87,0.07318590040943876,329.0
88,0.07004331124496897,991.0
89,0.04859439061078349,170.0
90,0.06144924190630393,103.0
91,0.0687668861672536,129.0
92,0.07095943279204735,296.0
93,0.05243457013727567,88.0
94,0.07293082636150601,130.0
95,0.06006729668124663,237.0
96,0.06651298172491439,56.0
97,0.06609430568620987,65.0
98,0.05211357858036034,409.0
99,0.06831995031285146,511.0
100,0.06100294845002499,204.0
101,0.07463162764028586,75.0
102,0.3687375173650355,334.0
103,0.07063449431516444,252.0
104,0.06501663354018532,59.0
105,0.052548401808899324,645.0
106,0.05303266787793113,117.0
107,0.04388983612543866,53.0
108,0.08894334321948782,316.0
109,0.06556411165966647,54.0
110,0.05168826395210125,257.0
111,0.06816480347359395,479.0
112,0.06854517214782438,332.0
113,0.07131244785785938,31.0
114,0.06531416668114041,183.0
115,0.05462152102169413,377.0
116,0.07033991855632667,311.0
117,0.07282922533576307,5.0
118,0.0675436260364213,374.0
119,0.04394821062493046,104.0
120,0.0614546929838992,297.0
121,0.04988657331781642,567.0
122,0.06230576958375202,141.0
123,0.09745854876035684,450.0
124,0.0589202012535842,285.0
125,0.05943143518440168,128.0
126,0.06387719597771166,453.0
127,0.07151670423617597,18.0
128,0.07392949498112816,132.0
129,0.07066963220825954,619.0
130,0.06205252094942711,165.0
131,0.0691614881396635,395.0
132,0.06222099815633327,337.0
133,0.052826115692935285,372.0
134,0.08819422825746406,89.0
135,0.058994392821285886,29.0
136,0.07155681262368346,246.0
137,0.13051050710708123,478.0
138,0.06694563650177426,66.0
139,0.07805171059179929,248.0
140,0.06939266377448058,16.0
141,0.0686580344809679,552.0
142,0.06958135194538916,142.0
143,0.07398676694135307,290.0
144,0.05713113301072538,253.0
145,0.08645536664922569,390.0
146,0.0724772261796275,147.0
147,0.08929964825809152,150.0
148,0.05852953656170746,92.0
149,0.06848117924985207,584.0
150,0.05607830721054908,399.0
151,0.08309325469650206,1161.0
152,0.06686296520329629,270.0
153,0.09393962743337153,138.0
154,0.07452577329369435,396.0
155,0.12032188238900166,533.0
156,0.05073751041755588,553.0
157,0.05990802546710274,32.0
158,0.05258825395587449,834.0
159,0.05466163873993388,303.0
160,0.0055295498492089,255.0
161,0.07650584174958878,245.0
162,0.08619450822428631,137.0
163,0.06210361738785883,215.0
164,0.06898520104777377,1070.0
165,0.05430436211408105,45.0
166,0.07651317572521188,243.0
167,0.05847009692619892,80.0
168,0.06942086540816472,282.0
169,0.07060144058207946,822.0
170,0.08217456227270543,342.0
171,0.07139901791725681,491.0
172,0.06663684316032971,411.0
173,0.07513124088797783,517.0
174,0.08210060770835899,393.0
175,0.0644198343906643,400.0
176,0.0625824220637022,618.0
177,0.06742742835301466,444.0
178,0.056307633430486156,119.0
179,0.05970295071730314,988.0
180,0.08982150000249821,383.0
181,0.05711496519658714,508.0
182,0.11078423795597639,249.0
183,0.06186686387818131,406.0
184,0.05286179658086248,21.0
185,0.058571827659783096,281.0
186,0.051350359529684676,273.0
187,0.06795026416678357,568.0
188,0.06393490783459442,433.0
189,0.06355032026647624,47.0
190,0.057014086498126185,220.0
191,0.04489883112255842,178.0
192,0.062055826168813805,314.0
193,0.05497750490062479,677.0
194,0.058578479490828464,112.0
195,0.056665973377536136,388.0
196,0.05240929151721067,394.0
197,0.05212251043276243,336.0
198,0.05757275258611365,1111.0
199,0.05626031909058912,352.0
200,0.04666276286482465,139.0
201,0.059764409078709314,398.0
202,0.11080922976005073,457.0
203,0.07089833820803523,494.0
204,0.05657619570060957,477.0
205,0.04950613111106643,152.0
206,0.06374612064353909,679.0
207,0.06225277134640582,355.0
208,0.06619796613605122,173.0
209,0.05714124052009395,124.0
210,0.06357632646389057,1241.0
211,0.07384406919985989,573.0
212,0.06225909922016868,25.0
213,0.06420446196119378,97.0
214,0.06789989320330034,984.0
215,0.050714202529863035,587.0
216,0.044670779004804616,566.0
217,0.05496472257128423,464.0
218,0.02259957012199314,294.0
219,0.0672927001709361,63.0
220,0.06480607882329356,471.0
221,0.05859195506386409,440.0
222,0.05407888933592303,175.0
223,0.04023827647610104,318.0
224,0.05944727004465617,330.0
225,0.06108232608184435,656.0
226,0.06752962661177402,278.0
227,0.05385036700426178,385.0
228,0.061071845815427406,169.0
229,0.053971867446348985,827.0
230,0.06266877700419989,98.0
231,0.05602589877602616,572.0
232,0.0608005855932434,309.0
233,0.05863579834171071,301.0
234,0.05934103986832712,415.0
235,0.05925779063859321,493.0
236,0.07041395659074964,512.0
237,0.06287146163152167,466.0
238,0.07330235362870643,36.0
239,0.07679224457658924,188.0
240,0.052624710463476,1505.0
241,0.07100766629560866,513.0
242,0.06842927144240712,560.0
243,0.07140373230401803,350.0
244,0.06812895229189878,633.0
245,0.06893080201008854,276.0
246,0.07487428114325662,3.0
247,0.06876425932295237,113.0
248,0.06748660984445906,389.0
249,0.062031884329242185,333.0
250,0.06367738840467466,482.0
251,0.0702674247312428,520.0
252,0.0685537549155865,403.0
253,0.07235359615874665,110.0
254,0.06799897432778755,753.0
255,0.056397543268916904,564.0
256,0.06981588280068954,323.0
257,0.07293745790510438,35.0
258,0.05531214926652245,1454.0
259,0.06017433245079716,788.0
260,0.0611346879462964,593.0
261,0.05612364455029614,486.0
262,0.054187250450296674,83.0
263,0.05937663257287093,143.0
264,0.058894550019833465,720.0
265,0.05394165728475473,744.0
266,0.06721040046103278,787.0
267,0.05679483922662974,838.0
268,0.06283152702797729,76.0
269,0.06835895618602397,289.0
270,0.054585664298618726,549.0
271,0.07638335071415084,68.0
272,0.06835552723765648,823.0
273,0.05466493317494954,1498.0
274,0.05763178949887749,1413.0
275,0.06617006781215208,307.0
276,0.06066340998698393,725.0
277,0.07438533393211479,1192.0
278,0.07140458816990104,176.0
279,0.07135520091313508,652.0
280,0.0675552876306445,102.0
281,0.06827506127588387,688.0
282,0.07614625772429445,551.0
283,0.05497240020902016,514.0
284,0.06931734962668011,214.0
285,0.07138883280112812,538.0
286,0.07152269340523656,115.0
287,0.062072371027679984,344.0
288,0.07058443116975142,1176.0
289,0.06862007826078269,837.0
290,0.054827499013462115,500.0
291,0.07426575774656044,509.0
292,0.05635296423401038,499.0
293,0.06617284627734651,689.0
294,0.047691216123054915,209.0
295,0.15502413990782582,581.0
296,0.06946875145957278,417.0
297,0.057095159379053684,576.0
298,0.06313780159361963,756.0
299,0.051236554635184846,207.0
300,0.07240456556046276,550.0
301,0.047115538475878904,319.0
302,0.06805381903883279,87.0
303,0.059121737732240706,945.0
304,0.07181674052627711,559.0
305,0.056336907139657444,251.0
306,0.06678308322723044,346.0
307,0.06010160369982613,439.0
308,0.06576775654086248,189.0
309,0.0736694347654669,420.0
310,0.06987099236973023,1021.0
311,0.24151286004609251,906.0
312,0.06158268778801766,964.0
313,0.0675257372792834,144.0
314,0.0759290953780176,58.0
315,0.07000884779986814,643.0
316,0.041540405723389184,163.0
317,0.06635827012820637,57.0
318,0.06382083451863857,815.0
319,0.05779569990597247,863.0
320,0.05928644386892008,989.0
321,0.06905014674814387,190.0
322,0.06489834374509502,693.0
323,0.05722185376837331,1261.0
324,0.05964023355455447,1194.0
325,0.07344510735682772,84.0
326,0.07873681262982322,299.0
327,0.0611104488837434,39.0
328,0.0710875413822834,582.0
329,0.0679772094212422,1215.0
330,0.06139584558010207,105.0
331,0.06975164419298448,528.0
332,0.06679492304451218,589.0
333,0.07037491678766511,34.0
334,0.0572780673500483,951.0
335,0.06705299864728151,556.0
336,0.06904796199729735,412.0
337,0.0037231843614557126,9.0
338,0.06257221671810675,238.0
339,0.04796860205099608,541.0
340,0.07115210427613516,747.0
341,0.06836924392652594,519.0
342,0.07514681233622073,741.0
343,0.07921011577261423,683.0
344,0.06072656006100772,601.0
345,0.06360551645429197,636.0
346,0.07248955175119332,611.0
347,0.07350243810483721,203.0
348,0.06180982632303058,577.0
349,0.07931465094167199,269.0
350,0.10877808053242102,71.0
351,0.06689116797241881,375.0
352,0.056990572212659296,799.0
353,0.019451553239503188,52.0
354,0.09733413796382058,631.0
355,0.06483916455932129,877.0
356,0.07243833398739762,231.0
357,0.05384718437991506,455.0
358,0.05996979736606127,700.0
359,0.05904377439866352,475.0
360,0.0601796075395127,498.0
361,0.055238330242748275,86.0
362,0.0633394825885571,773.0
363,0.051493639804816,682.0
364,0.057998537407498954,588.0
365,0.04388983612543866,339.0
366,0.07105763576342534,606.0
367,0.05011654148397788,424.0
368,0.06145166010517931,177.0
369,0.05331286745010319,911.0
370,0.05275076720083448,363.0
371,0.06926883509925977,485.0
372,0.05827692922713404,123.0
373,0.0700808130836995,1373.0
374,0.06269984174862553,721.0
375,0.05973726619776166,1025.0
376,0.06973967417798049,15.0
377,0.05754786334571419,462.0
378,0.05115568491501476,1208.0
379,0.06132243232957941,181.0
380,0.009378298406089716,6.0
381,0.0514497846887537,288.0
382,0.06747042083981929,1226.0
383,0.04844141098046569,421.0
384,0.06594505172697174,250.0
385,0.05323666481078346,836.0
386,0.049772944038232105,1493.0
387,0.06865289147498689,81.0
388,0.06678804911159285,561.0
389,0.06963772285265693,30.0
390,0.0572159240152463,630.0
391,0.05462231293486315,60.0
392,0.06777706044813928,649.0
393,0.06938841716702131,127.0
394,0.08821106812872026,861.0
395,0.0682465061011871,537.0
396,0.05985197680901996,461.0
397,0.06776740200034079,876.0
398,0.06982116212081958,1041.0
399,0.06796652826357755,349.0
400,0.061268503576305686,164.0
401,0.058804970955103196,156.0
402,0.06503495634807578,949.0
403,0.05928902981451074,920.0
404,0.060102772666842386,757.0
405,0.0688847167943066,948.0
406,0.07534261781731445,481.0
407,0.07381040015885197,523.0
408,0.07035474830315402,774.0
409,0.03618675798449495,193.0
410,0.06768858810485912,1046.0
411,0.06289594606296833,313.0
412,0.04952252146305159,131.0
413,0.07121843054786801,427.0
414,0.06574639416434995,603.0
415,0.08384281330700633,418.0
416,0.06401856962789224,967.0
417,0.06536528650578194,91.0
418,0.04872194460809888,369.0
419,0.06464768880926688,23.0
420,0.062066651069322236,27.0
421,0.058154805807291744,1056.0
422,0.05825514395366407,454.0
423,0.062392266826867465,1402.0
424,0.05246008267622108,380.0
425,0.04818871538514158,835.0
426,0.06330534354937073,428.0
427,0.061309340489618815,962.0
428,0.056525794449474163,4.0
429,0.04764884246369361,542.0
430,0.056204357065796996,926.0
431,0.004783790536849158,283.0
432,0.06732944014125887,1324.0
433,0.05118485569998495,154.0
434,0.07557893698354617,78.0
435,0.07260132910853917,322.0
436,0.07119622193278138,328.0
437,0.0753466649729309,1452.0
438,0.06655504185242188,1201.0
439,0.06618954128888761,715.0
440,0.060470357462860704,239.0
441,0.056133310256937095,229.0
442,0.05391026360901706,416.0
443,0.06801641023691549,408.0
444,0.059263139080384365,101.0
445,0.055158440625085736,133.0
446,0.1960885238759569,848.0
447,0.060717220967690715,211.0
448,0.05617061396951274,668.0
449,0.0693651573403603,977.0
450,0.05960526754714331,14.0
451,0.07410315584945314,448.0
452,0.06949011723708436,966.0
453,0.06142158759459837,591.0
454,0.06262985944074152,595.0
455,0.07504287083384993,685.0
456,0.06682690305614576,458.0
457,0.06547095301597414,121.0
458,0.06690589190437338,135.0
459,0.07209643343369045,694.0
460,0.061967914179676696,7.0
461,0.0622017667284955,918.0
462,0.056906732972202265,527.0
463,0.08834243342775992,518.0
464,0.05750452781826613,1001.0
465,0.06562487660016174,958.0
466,0.07193556858281239,401.0
467,0.05761018617099084,625.0
468,0.05987293711068269,345.0
469,0.05808797744752774,671.0
470,0.06623643833701265,1028.0
471,0.07730528978445182,1380.0
472,0.07869656622761563,1059.0
473,0.05248402207920841,628.0
474,0.0625644042348185,804.0
475,0.06013441570735649,1015.0
476,0.12597828733445612,545.0
477,0.07192976885379318,543.0
478,0.08031056448051672,267.0
479,0.24158052223221607,1008.0
480,0.061700136269711436,227.0
481,0.06654725663534503,557.0
482,0.056218255233595305,969.0
483,0.04688578692908427,1120.0
484,0.0810617160175154,213.0
485,0.08676322059339901,1474.0
486,0.06037460422419101,13.0
487,0.07142881107137022,1052.0
488,0.05461054599860756,1358.0
489,0.05618394577645896,647.0
490,0.07958289525223479,487.0
491,0.0707808870425916,1480.0
492,0.07946815360749114,40.0
493,0.15807412068481283,870.0
494,0.05339279015228769,261.0
495,0.004573441585125257,260.0
496,0.07866380702138932,441.0
497,0.07066639310575246,1471.0
498,0.0640102614946807,807.0
499,0.08055997039105386,459.0
500,0.06287019835848605,1108.0
501,0.08345751576160125,356.0
502,0.04137762668416352,96.0
503,0.0732587828003123,308.0
504,0.0745467520140314,1071.0
505,0.05006076020297123,1488.0
506,0.05768657456246378,780.0
507,0.08826219079863588,1409.0
508,0.07088678447133862,839.0
509,0.05757540608210012,359.0
510,0.07030854548060061,785.0
511,0.06578604144123527,184.0
512,0.06842421903349098,405.0
513,0.06589234632328743,19.0
514,0.07481889926831385,884.0
515,0.04797351075103715,662.0
516,0.07079876012946933,1460.0
517,0.06068167174868434,341.0
518,0.06300133008909238,1365.0
519,0.0672435875188666,1139.0
520,0.05620072369857527,361.0
521,0.06245718969293332,1470.0
522,0.06278566692593905,51.0
523,0.0745740657713431,925.0
524,0.056712425326339605,865.0
525,0.057556585628610886,397.0
526,0.060618027473762666,488.0
527,0.09805914177394237,569.0
528,0.05210448386694156,1065.0
529,0.05449803296023525,1136.0
530,0.06205818030379828,1506.0
531,0.07334316050725642,202.0
532,0.07884493564951713,1367.0
533,0.05958634005317252,1516.0
534,0.07302849026607823,469.0
535,0.0636787631072712,909.0
536,0.06231490272225984,376.0
537,0.06520526550250107,1082.0
538,0.05976477223830378,327.0
539,0.05239209197068299,755.0
540,0.06504896490018738,325.0
541,0.06369641109680078,497.0
542,0.06051681149585091,492.0
543,0.10368710641424717,650.0
544,0.06597118640042544,707.0
545,0.04485665955100106,738.0
546,0.19153274184728217,476.0
547,0.14000421100571075,233.0
548,0.06902452836516598,777.0
549,0.09037039235296519,221.0
550,0.06599564954491194,778.0
551,0.06860095478030481,158.0
552,0.07064421967477098,64.0
553,0.05097482415660847,1252.0
554,0.056702084089840996,635.0
555,0.0629454938838432,1043.0
556,0.06465348369804783,825.0
557,0.04912134015229011,1345.0
558,0.0642272162701515,1066.0
559,0.06632278589492802,235.0
560,0.06280788907332392,1370.0
561,0.05737601458340564,916.0
562,0.05813636125797812,1152.0
563,0.06498035199492039,225.0
564,0.05831811564894369,544.0
565,0.10261843448335878,970.0
566,0.08479944626822158,681.0
567,0.06841664663053118,1381.0
568,0.05981092679091821,321.0
569,0.24400266334977513,739.0
570,0.5167037576247612,126.0
571,0.06717054587435284,883.0
572,0.15470443343359921,1146.0
573,0.05877621470234757,451.0
574,0.05013181406364167,1157.0
575,0.06421717391667706,304.0
576,0.07862202905203845,826.0
577,0.07968354148216486,20.0
578,0.05860409982857558,501.0
579,0.052179411104483625,644.0
580,0.06458958988008028,360.0
581,0.06847349866950601,585.0
582,0.08448857506176455,277.0
583,0.1286242201742879,908.0
584,0.05980330653810866,936.0
585,0.059881067041778646,847.0
586,0.07266522453764876,1109.0
587,0.07529011506940758,136.0
588,0.07321220360646452,1231.0
589,0.06670660499863308,1197.0
590,0.061381251002934005,1130.0
591,0.05845142879669373,772.0
592,0.07906116682880791,963.0
593,0.046693903227379756,669.0
594,0.06950847451664958,981.0
595,0.04395949203311635,913.0
596,0.061795514037154164,912.0
597,0.05318381733298013,599.0
598,0.05882785460229881,402.0
599,0.053895044433757415,764.0
600,0.06307731706116722,946.0
601,0.050581702418150666,1067.0
602,0.06610941180357995,854.0
603,0.07893180911615766,845.0
604,0.05425327773673297,1091.0
605,0.06252664679383109,960.0
606,0.05977247943066916,180.0
607,0.058915937873923706,638.0
608,0.055254246287356784,789.0
609,0.08991092221948427,234.0
610,0.06320798040434841,857.0
611,0.05976076699111401,1489.0
612,0.07405708180985718,195.0
613,0.05352738331066218,186.0
614,0.058567751239097555,153.0
615,0.065211485045605,610.0
616,0.053783585296916375,1511.0
617,0.10802163119444731,759.0
618,0.0784237183210764,1057.0
619,0.05057100280989384,940.0
620,0.0492073459655209,829.0
621,0.05174961408125287,168.0
622,0.09399775728601904,993.0
623,0.05853664503781781,536.0
624,0.06095611119993453,980.0
625,0.050722121863992144,12.0
626,0.059524763134130874,1000.0
627,0.08069710419628125,928.0
628,0.07071307370271938,574.0
629,0.06214408821368183,445.0
630,0.11186544573377223,586.0
631,0.05487756178177706,624.0
632,0.07564955274002587,769.0
633,0.05921238564165064,678.0
634,0.06542823185897491,1.0
635,0.07402695141861049,404.0
636,0.09762171902579442,727.0
637,0.05877435647685909,888.0
638,0.06424942903187675,531.0
639,0.05967313328126905,8.0
640,0.06124938593445535,841.0
641,0.058343406026328384,11.0
642,0.06634134336143065,1216.0
643,0.06568229159978013,563.0
644,0.07292670075540945,939.0
645,0.05836290741819492,470.0
646,0.06404012217142346,331.0
647,0.0426858709604668,365.0
648,0.06409863762882591,1084.0
649,0.0612976538553261,28.0
650,0.05521177190899694,983.0
651,0.068583724587291,1094.0
652,0.08020378240022341,1361.0
653,0.051938014636889455,947.0
654,0.05083933909299969,798.0
655,0.07906591024174184,1442.0
656,0.05282140310956063,1237.0
657,0.047182323966288485,623.0
658,0.016596084309045907,810.0
659,0.04666276286482465,986.0
660,0.05690971812727226,100.0
661,0.06004878995787244,932.0
662,0.07786034444007611,1482.0
663,0.06503374768815635,320.0
664,0.004161868569652287,1026.0
665,0.05306413714672884,565.0
666,0.0524283755345415,1178.0
667,0.061656210586684364,373.0
668,0.06740023214333221,1341.0
669,0.06784935226579869,423.0
670,0.0710619402801595,1273.0
671,0.11914983150449852,1183.0
672,0.08205585449324716,1466.0
673,0.0568545828889968,979.0
674,0.05912406254427826,1277.0
675,0.06033730873172328,597.0
676,0.12143205001266545,709.0
677,0.058288987630827016,236.0
678,0.099394103859845,146.0
679,0.05922679718354771,590.0
680,0.05926543772124854,222.0
681,0.08311621685654895,275.0
682,0.07811106977632844,468.0
683,0.0551687386697347,975.0
684,0.060672205666391345,731.0
685,0.056423737073895225,639.0
686,0.05303848490593884,902.0
687,0.06466330934212138,378.0
688,0.1422356107952343,526.0
689,0.001236605618105527,895.0
690,0.06611614275889645,1270.0
691,0.04670353623036814,1117.0
692,0.06847870347412013,740.0
693,0.06067829311822411,510.0
694,0.05349105059203169,1210.0
695,0.05059944491108647,615.0
696,0.05151439353923254,1351.0
697,0.05390784972504596,1337.0
698,0.048340062614408694,771.0
699,0.06255983921651291,579.0
700,0.0007436137079955149,1257.0
701,0.05618340112977835,465.0
702,0.04885188380002063,937.0
703,0.05285126525671281,422.0
704,0.056285380363635756,1487.0
705,0.052172230012896136,592.0
706,0.05958164916931225,675.0
707,0.05684106499266682,335.0
708,0.058049166332537386,608.0
709,0.046751361795399765,1318.0
710,0.04463972827768019,1429.0
711,0.049260434950054985,199.0
712,0.01148001153916294,985.0
713,0.0530349000183255,1448.0
714,0.061404426082560526,728.0
715,0.05627503407042518,391.0
716,0.05535750740326067,1492.0
717,0.053543419635456745,1101.0
718,0.05598693939928028,1518.0
719,0.10534494391537681,24.0
720,0.063076416856684,890.0
721,0.0557652780907784,1366.0
722,0.04885297951812477,887.0
723,0.05954728982287542,145.0
724,0.07520757503537644,210.0
725,0.058134729439719146,676.0
726,0.05902575603659535,872.0
727,0.06296582691940732,48.0
728,0.05673170794485951,1403.0
729,0.04928821544448273,562.0
730,0.060356561871886066,1188.0
731,0.026872063152058808,1032.0
732,0.0497424309154754,1034.0
733,0.05673170794485951,1362.0
734,0.06536705819903814,548.0
735,0.058056605890969705,1209.0
736,0.052714395843811164,819.0
737,0.06004003147347365,642.0
738,0.060658277615249785,226.0
739,0.05753078192712889,534.0
740,0.06321576324317556,833.0
741,0.047748584820811235,736.0
742,0.05662380945276339,1217.0
743,0.06469772153553519,1089.0
744,0.057310978267962456,1042.0
745,0.06389922253171727,708.0
746,0.06315524905386731,797.0
747,0.049629567399420975,125.0
748,0.05060309329832809,745.0
749,0.054695314006546335,1255.0
750,0.24186660490816128,862.0
751,0.01380163798040638,265.0
752,0.06494237786625869,1166.0
753,0.012662346704300597,800.0
754,0.05963989599584807,555.0
755,0.09685559771871544,910.0
756,0.06277357727047912,1105.0
757,0.05464914204718491,1180.0
758,0.06125276071331651,726.0
759,0.04429500828117588,196.0
760,0.05622743964016641,205.0
761,0.055202310737136946,2.0
762,0.05566204848866519,843.0
763,0.06333567513818411,1006.0
764,0.05433227703569212,324.0
765,0.055897056081318806,463.0
766,0.051392596755274446,1329.0
767,0.05566204848866519,1010.0
768,0.060248096631794576,429.0
769,0.008689912882495881,801.0
770,0.05813169408155345,686.0
771,0.05952415186927945,256.0
772,0.06305590607441014,792.0
773,0.06264170422582385,72.0
774,0.05483561124994791,539.0
775,0.05584224915593979,1359.0
776,0.05977198990347938,627.0
777,0.059577910348911634,1335.0
778,0.05487945123206906,179.0
779,0.0600557906148806,935.0
780,0.051888107577376205,705.0
781,0.04964056795359576,716.0
782,0.05569761174929669,1162.0
783,0.005279892765429761,1391.0
784,0.06000328182992041,1145.0
785,0.05252984515262347,1302.0
786,0.06727579949683463,149.0
787,0.06503818346772687,293.0
788,0.05864477779218819,1179.0
789,0.055606241484442764,200.0
790,0.049756832343931585,761.0
791,0.056356320089983876,431.0
792,0.05461436224784262,521.0
793,0.05203527804850639,1389.0
794,0.05253823734065721,1469.0
795,0.05279401234748612,942.0
796,0.05680065470168533,1114.0
797,0.0579196816364007,262.0
798,0.0626963141376346,1206.0
799,0.056633121251146966,1357.0
800,0.05646076834869268,646.0
801,0.04375135458381292,661.0
802,0.055375948890617366,1167.0
803,0.06048675429144484,151.0
804,0.05050786972111802,976.0
805,0.045484770895137146,442.0
806,0.06010546408420351,109.0
807,0.05257812697935017,1038.0
808,0.05566000010702729,232.0
809,0.058863824898886336,483.0
810,0.008872001019746074,1097.0
811,0.05566204848866519,955.0
812,0.05525259127083766,896.0
813,0.04597336126062188,22.0
814,0.06331096946519091,734.0
815,0.04674938048568876,729.0
816,0.04471895654186228,1004.0
817,0.0487675765975025,1259.0
818,0.056967865582563545,1263.0
819,0.05456986609313551,1005.0
820,0.1372428793732988,1478.0
821,0.06785659843850303,1374.0
822,0.08168421854843952,944.0
823,0.05575387787616211,746.0
824,0.06010341237076224,1239.0
825,0.05979707676296,1499.0
826,0.10101517568706407,1461.0
827,0.05633039890216917,1141.0
828,0.05947464537670012,722.0
829,0.055155865952106954,1185.0
830,0.055155865952106954,953.0
831,0.054222267856497836,1095.0
832,0.0580641890944417,907.0
833,0.08752360593987302,1199.0
834,0.06127732749130529,992.0
835,0.06243511513963847,783.0
836,0.06406251904283114,507.0
837,0.07302095663798114,41.0
838,0.05998664886480934,763.0
839,0.05473862892469812,768.0
840,0.06039986126199774,812.0
841,0.048112734428811844,1457.0
842,0.05747254142938511,1002.0
843,0.05454016557417161,1503.0
844,0.059888381528333555,901.0
845,0.004262931316951207,889.0
846,0.059215416410694714,927.0
847,0.06321474686714762,790.0
848,0.046667189078377434,1011.0
849,0.053157919323879844,1496.0
850,0.05273600553917763,954.0
851,0.050433428796756274,1061.0
852,0.05514157549426818,1045.0
853,0.059196737191604974,1313.0
854,0.06141651392845619,894.0
855,0.019591825391900554,604.0
856,0.05867104769028313,351.0
857,0.05200580755011586,1392.0
858,0.05421389447821308,1134.0
859,0.055193151540173555,994.0
860,0.0619935899931872,776.0
861,0.05668773724097764,1123.0
862,0.06330543496255123,674.0
863,0.044636604379986844,973.0
864,0.059831353060559374,182.0
865,0.052484179360671186,803.0
866,0.05288100622058313,1110.0
867,0.04686202221314963,1446.0
868,0.04942725594443558,609.0
869,0.06017729530476103,813.0
870,0.04958587699174837,1340.0
871,0.05718863927151401,1272.0
872,0.05500613658870714,362.0
873,0.050434554266440716,1502.0
874,0.05075778441118037,762.0
875,0.06393183318483128,353.0
876,0.0626525004537711,860.0
877,0.05034523661521151,1258.0
878,0.04851936840643519,1236.0
879,0.04356424867036924,1293.0
880,0.051514198807658104,1088.0
881,0.05106026014049034,1079.0
882,0.059279646124666414,670.0
883,0.05992812206480559,268.0
884,0.05027779074952548,522.0
885,0.25052684808914294,1300.0
886,0.05714839139305925,1312.0
887,0.05826058998808651,1504.0
888,0.05563998674451702,828.0
889,0.05792365340993111,1386.0
890,0.05148323247493735,1118.0
891,0.049522339294278156,873.0
892,0.05514351178477622,1515.0
893,0.055530014662717786,194.0
894,0.05752457432892346,1481.0
895,0.05593430902496851,1372.0
896,0.051862133970810013,1122.0
897,0.04797179608536433,1195.0
898,0.04999845577831967,987.0
899,0.050481132533530065,1369.0
900,0.055640022235027516,1472.0
901,0.0575637355380139,1149.0
902,0.04469139976470296,853.0
903,0.05129365629572227,1420.0
904,0.05414145569847054,779.0
905,0.06345809456480658,1022.0
906,0.05593877034019628,42.0
907,0.0592274419487842,915.0
908,0.05966798356762398,306.0
909,0.05661988523347457,651.0
910,0.062349061173337286,680.0
911,0.05888797719811022,641.0
912,0.058857968173724774,218.0
913,0.05681362187645153,1384.0
914,0.05486996294646035,291.0
915,0.07568871175547623,55.0
916,0.04817318328907844,1305.0
917,0.061742782798323306,1476.0
918,0.05346165964989356,766.0
919,0.06184327622862385,840.0
920,0.05101000694608953,1131.0
921,0.24151286004609251,1186.0
922,0.052703546259971014,264.0
923,0.05006976991967413,1521.0
924,0.05983422143401811,1053.0
925,0.11904395896251779,750.0
926,0.05565571899427666,1150.0
927,0.05844209753194045,640.0
928,0.04575312677444384,1093.0
929,0.05389717213935565,1435.0
930,0.051535806003568004,743.0
931,0.05785805046344419,691.0
932,0.05389749638264867,724.0
933,0.0007639245014885684,1205.0
934,0.05629714852085885,392.0
935,0.05899263285836259,1147.0
936,0.05736111099824722,116.0
937,0.05226089153033259,271.0
938,0.05808360136597106,1068.0
939,0.05848273298695417,160.0
940,0.053204267614727505,1207.0
941,0.056191356513869306,775.0
942,0.0781180818657027,820.0
943,0.05637650321538943,1221.0
944,0.06774190746657938,1078.0
945,0.05884457620480754,530.0
946,0.06267769600572154,1494.0
947,0.061695805170446476,664.0
948,0.08440939144752248,831.0
949,0.043659172825802846,830.0
950,0.0645910041242601,719.0
951,0.054109330717760994,717.0
952,0.0557954899270592,1522.0
953,0.05596163516425062,1483.0
954,0.055969803414689566,1017.0
955,0.04697917090489462,1447.0
956,0.05408557980466999,765.0
957,0.07579145320764073,653.0
958,0.05468058259403161,844.0
959,0.05997810637794525,166.0
960,0.05636023141850834,758.0
961,0.07230404540052636,449.0
962,0.05898497964050133,1037.0
963,0.0783832567753847,446.0
964,0.02108897639966951,274.0
965,0.07488997485065928,1080.0
966,0.06193584988749339,859.0
967,0.041535799933819596,1510.0
968,0.06042228550904971,62.0
969,0.06566718386657755,998.0
970,0.04967475609322182,612.0
971,0.05054484829897805,905.0
972,0.05580264455478979,1200.0
973,0.05552269949053998,605.0
974,0.05776085189321293,952.0
975,0.05611417290560901,33.0
976,0.06089054459610499,957.0
977,0.051490495076145344,893.0
978,0.05771361381865097,1368.0
979,0.05882936297898548,607.0
980,0.058870423536115955,1387.0
981,0.05342415726531398,1049.0
982,0.058275910369386556,263.0
983,0.07272558665553225,1102.0
984,0.05960424505747665,1347.0
985,0.05787399814407323,1375.0
986,0.06584361687737877,698.0
987,0.39979497373831446,1076.0
988,0.06339638628031131,1158.0
989,0.04379287377478193,930.0
990,0.07385291361576503,933.0
991,0.08458478548212359,1128.0
992,0.06709984221341715,230.0
993,0.055394642858511686,358.0
994,0.044320159107491826,228.0
995,0.0486711486240166,1225.0
996,0.04200595700521292,735.0
997,0.054625633000568274,1264.0
998,0.04344926358927662,617.0
999,0.060828294422668884,489.0
1000,0.0605984243692886,1295.0
1001,0.05578208532353125,600.0
1002,0.05357449693744197,1135.0
1003,0.05592036888961427,1416.0
1004,0.05593994696385375,1074.0
1005,0.05689373031226224,1064.0
1006,0.0495760643451256,1468.0
1007,0.061028787426521465,1508.0
1008,0.042430714002259756,637.0
1009,0.05646733691196168,357.0
1010,0.055585540129180766,1003.0
1011,0.04388983612543866,1455.0
1012,0.04666276286482465,718.0
1013,0.050526279750105006,1328.0
1014,0.06043735782981472,1450.0
1015,0.001236605618105527,832.0
1016,0.05436280208018669,266.0
1017,0.04871403871765261,695.0
1018,0.04366516325160635,919.0
1019,0.04578345962922969,525.0
1020,0.06358778387859451,1177.0
1021,0.054875683673378896,1360.0
1022,0.04384187214083609,1253.0
1023,0.04666276286482465,1099.0
1024,0.062279710627659454,495.0
1025,0.05778937772337986,370.0
1026,0.04886864444734394,1514.0
1027,0.06051161224198567,1242.0
1028,0.03653610362436347,1278.0
1029,0.010612344027556782,1126.0
1030,0.04271135473648334,386.0
1031,0.05702231590085964,1423.0
1032,0.05081223124107332,793.0
1033,0.05704616741517941,941.0
1034,0.05302103141929292,598.0
1035,0.04844141098046569,1306.0
1036,0.05427737836658307,1412.0
1037,0.05604474795876333,208.0
1038,0.05189103074159884,1044.0
1039,0.050872002176097074,1232.0
1040,0.06180255437112015,632.0
1041,0.056860952322652376,284.0
1042,0.05947271481667446,666.0
1043,0.05316479765936377,1440.0
1044,0.05830284111716947,714.0
1045,0.07090339981094977,107.0
1046,0.05280511700112421,673.0
1047,0.05140805663065961,1035.0
1048,0.053993748078819855,1285.0
1049,0.0024690499081085125,1244.0
1050,0.052888834626760306,44.0
1051,0.06032802792719737,1479.0
1052,0.054723012110629944,1524.0
1053,0.05304007487790706,1287.0
1054,0.050328297382513036,1103.0
1055,0.06372817559801196,704.0
1056,0.05851755921877457,1054.0
1057,0.04479530087273612,185.0
1058,0.060498988114440655,867.0
1059,0.04870557379987432,796.0
1060,0.05568615558359063,134.0
1061,0.04825084964265282,1182.0
1062,0.0012286557789076892,1047.0
1063,0.053672198281162264,371.0
1064,0.059827593422405456,1140.0
1065,0.059965955346081956,737.0
1066,0.058751136979252466,923.0
1067,0.05457021177401784,1417.0
1068,0.05127564353883558,1355.0
1069,0.06794492263289374,1143.0
1070,0.060014368837858295,1051.0
1071,0.05137901822369809,1343.0
1072,0.043551683378706726,808.0
1073,0.05367835658790758,1339.0
1074,0.04822216679238531,74.0
1075,0.053923647932005096,106.0
1076,0.047195301199482925,1331.0
1077,0.0545340648604581,1249.0
1078,0.05555925636076125,1251.0
1079,0.0542153170846991,866.0
1080,0.05185483100778745,1520.0
1081,0.059686617352852446,425.0
1082,0.049825426218065946,1437.0
1083,0.05892791723588883,1290.0
1084,0.04301066378740171,1320.0
1085,0.05174873645449184,197.0
1086,0.046459833605197474,1181.0
1087,0.05512805820874983,1396.0
1088,0.05801253823579115,241.0
1089,0.1742977974679278,1296.0
1090,0.05872940744790298,1219.0
1091,0.04589782613823752,1220.0
1092,0.05465035956637222,684.0
1093,0.05795249535650553,1142.0
1094,0.055740448770212246,657.0
1095,0.04969153167258921,667.0
1096,0.0559785998106218,1350.0
1097,0.04980425826522134,1307.0
1098,0.05334995635526881,795.0
1099,0.05226196278999237,443.0
1100,0.05720405415613661,1456.0
1101,0.05393914256909762,982.0
1102,0.052889314432212245,1100.0
1103,0.048745729285033935,938.0
1104,0.05661126631929733,474.0
1105,0.04856899067101957,1311.0
1106,0.04826282823824244,1286.0
1107,0.060101060377538006,1309.0
1108,0.05898681280755912,943.0
1109,0.05529235895878589,1519.0
1110,0.06699522640906524,1245.0
1111,0.050627811405909585,99.0
1112,0.05061153612090318,706.0
1113,0.05612656296970998,663.0
1114,0.045461175114890603,529.0
1115,0.0503777114652032,1467.0
1116,0.05840398650268986,198.0
1117,0.055058132465510175,1439.0
1118,0.04930534911830499,1151.0
1119,0.06035393153696667,1443.0
1120,0.04854163510521251,809.0
1121,0.05625519100936713,794.0
1122,0.05536378149255755,1330.0
1123,0.048970167390030434,1363.0
1124,0.05836725663260289,1414.0
1125,0.05325525030734142,1382.0
1126,0.048298349318188036,858.0
1127,0.0539113739162217,1187.0
1128,0.05003839524244251,1276.0
1129,0.05889257557536869,974.0
1130,0.05506081924524051,540.0
1131,0.046812464987569066,1383.0
1132,0.04668350569829256,159.0
1133,0.05541026900506538,43.0
1134,0.053689587112371644,1039.0
1135,0.059903179318512176,781.0
1136,0.015929057769003843,1411.0
1137,0.05141784473307405,1431.0
1138,0.059873984899001254,1292.0
1139,0.052718320840635595,1081.0
1140,0.055766955776929736,1399.0
1141,0.05239299360499034,1086.0
1142,0.05509563273325288,1193.0
1143,0.046828345010942296,961.0
1144,0.05627070909725287,1458.0
1145,0.06585333569538154,897.0
1146,0.0545980976250185,786.0
1147,0.04666276286482465,614.0
1148,0.054945373467742205,697.0
1149,0.054674041767496115,881.0
1150,0.05206446649741052,687.0
1151,0.05929442235942806,364.0
1152,0.04129412490498244,1430.0
1153,0.04844141098046569,382.0
1154,0.048399066856317535,1125.0
1155,0.07131539984432675,702.0
1156,0.09288318822951766,1138.0
1157,0.053897173492946926,1371.0
1158,0.04982113616518447,1048.0
1159,0.040914019435117334,1072.0
1160,0.07379550036598083,1378.0
1161,0.05641925006735696,187.0
1162,0.048146919052977216,1233.0
1163,0.04969990779074357,904.0
1164,0.04895905228343618,1069.0
1165,0.056637010585431816,1228.0
1166,0.05609191959379543,850.0
1167,0.05135434968874105,851.0
1168,0.005443985598538405,300.0
1169,0.04943472778081994,1419.0
1170,0.04657082450753996,1364.0
1171,0.005372637389095192,490.0
1172,0.04875715380928329,672.0
1173,0.041169302015730116,434.0
1174,0.05073861564940804,379.0
1175,0.09508372333644076,959.0
1176,0.053454428288156094,580.0
1177,0.057749764430327706,613.0
1178,0.05625057020156534,1507.0
1179,0.05660189209548056,921.0
1180,0.05240113654355117,1433.0
1181,0.05276850253878543,554.0
1182,0.057759319501173544,855.0
1183,0.04724366576027584,1497.0
1184,0.05574893546193574,1040.0
1185,0.05472579595783047,824.0
1186,0.05197516786621553,655.0
1187,0.05773757298196461,622.0
1188,0.05009074876357711,1250.0
1189,0.05276160376922183,875.0
1190,0.058599094710177005,1175.0
1191,0.06445135266142497,157.0
1192,0.05332063335757466,216.0
1193,0.06494700474577395,1432.0
1194,0.05494685157680807,1033.0
1195,0.05022477272063554,1475.0
1196,0.05974488432408416,749.0
1197,0.00580510277869378,602.0
1198,0.05571019127713643,1486.0
1199,0.058005224923066756,1112.0
1200,0.06475609652761487,1321.0
1201,0.04935823460664899,972.0
1202,0.043834390256288554,94.0
1203,0.04995868704126294,1014.0
1204,0.0546087082161327,1213.0
1205,0.0561190049324109,931.0
1206,0.05453554980768434,900.0
1207,0.062168448802703224,223.0
1208,0.056967448446148955,874.0
1209,0.057569316439591026,111.0
1210,0.048432408241971765,1116.0
1211,0.06796260658495128,878.0
1212,0.05051468673994855,1055.0
1213,0.0009309598625534964,1168.0
1214,0.0633823886017647,1485.0
1215,0.05810418842498378,885.0
1216,0.05688259889750391,626.0
1217,0.04476240010000854,1196.0
1218,0.05237565851418582,1465.0
1219,0.05234982357111192,368.0
1220,0.05464461204391318,1189.0
1221,0.0432255897956585,924.0
1222,0.04909109260402059,506.0
1223,0.24218968382334574,1517.0
1224,0.054847569256456806,1129.0
1225,0.06622953812378755,899.0
1226,0.049894468892638065,1275.0
1227,0.05184162042965742,1243.0
1228,0.040595068890385035,122.0
1229,0.04381720782058916,882.0
1230,0.0592282239322628,1438.0
1231,0.053372378315054064,1247.0
1232,0.05133135629369956,1113.0
1233,0.043131532882143886,1523.0
1234,0.014040262953315213,1083.0
1235,0.0551761020640373,387.0
1236,0.05799634844576557,791.0
1237,0.049526941841953165,1425.0
1238,0.055798322726619415,1513.0
1239,0.04383163920419944,1096.0
1240,0.06657113746231393,1227.0
1241,0.05368135115506058,1397.0
1242,0.04996542000832807,1310.0
1243,0.052962975484285274,1459.0
1244,0.05213294170567824,782.0
1245,0.048113310525859015,767.0
1246,0.05060094095090943,971.0
1247,0.04695553076709211,871.0
1248,0.05252287047900241,620.0
1249,0.05147280472107239,1428.0
1250,0.05266690131995756,1007.0
1251,0.0594336748887263,1164.0
1252,0.05975344170250485,1349.0
1253,0.04850068795597212,892.0
1254,0.05679107659576762,206.0
1255,0.04875042889457991,891.0
1256,0.05745959056817397,1267.0
1257,0.05518359813344167,869.0
1258,0.05588802216887525,1238.0
1259,0.04840753590963979,1119.0
1260,0.08911315419540135,1268.0
1261,0.04435368591325736,712.0
1262,0.05587602443843461,621.0
1263,0.0538382721589777,1202.0
1264,0.048934999073299276,748.0
1265,0.04709092291661983,1405.0
1266,0.049437968237433835,696.0
1267,0.04926852396603085,1495.0
1268,0.04480653036662462,1282.0
1269,0.05749805616950278,558.0
1270,0.04431817017358173,852.0
1271,0.05523090961613748,1388.0
1272,0.05784436886969185,413.0
1273,0.24355727907114388,1299.0
1274,0.04999628062611548,733.0
1275,0.051962472699743384,1027.0
1276,0.05769451484437895,703.0
1277,0.05325525030734142,1223.0
1278,0.03819625313945066,1204.0
1279,0.0419336651832974,818.0
1280,0.012711427260787542,1256.0
1281,0.050089307644592344,1297.0
1282,0.04294191470658981,1018.0
1283,0.0505826037720188,1060.0
1284,0.052972317159160405,1156.0
1285,0.05223321679639678,1104.0
1286,0.052907143435753486,1298.0
1287,0.04043773757938553,996.0
1288,0.002031912375544656,1284.0
1289,0.05245201982215998,723.0
1290,0.04701114249110885,90.0
1291,0.05636554158431691,654.0
1292,0.058730625740955424,1401.0
1293,0.000510412445522572,1106.0
1294,0.053959874858103385,1121.0
1295,0.05239282234058545,1254.0
1296,0.04872277484615634,1390.0
1297,0.0486711486240166,384.0
1298,0.048972445880859805,1154.0
1299,0.11497938382632254,1036.0
1300,0.24256097747715513,1436.0
1301,0.057391495660868735,1260.0
1302,0.047705301874476164,978.0
1303,0.0469107119540954,1155.0
1304,0.06452890880176372,1501.0
1305,0.05400264959003529,1418.0
1306,0.05240643515628594,699.0
1307,0.04538476883237241,1415.0
1308,0.05280123137511361,1127.0
1309,0.04968364340620122,1107.0
1310,0.052332176386339406,1421.0
1311,0.05507559018257627,616.0
1312,0.05567340194618665,1124.0
1313,0.00047655984828144616,1062.0
1314,0.04225169044577441,914.0
1315,0.0432255897956585,426.0
1316,0.040369241676593434,917.0
1317,0.05731733147761482,1075.0
1318,0.005606380113873803,1163.0
1319,0.0524156509743153,1246.0
1320,0.05617680892401135,879.0
1321,0.24151286004609251,634.0
1322,0.03571129088165714,898.0
1323,0.061164544174552575,340.0
1324,0.24222309753263113,1159.0
1325,0.24222309753263113,1354.0
1326,0.04035765690695696,1444.0
1327,0.0631315370730745,1333.0
1328,0.06084689804063909,1173.0
1329,0.05247157864402004,1165.0
1330,0.0608648144214982,77.0
1331,0.03900641500294077,298.0
1332,0.04790540607722763,575.0
1333,0.24221941632455735,742.0
1334,0.056528332711977956,191.0
1335,0.0009309598625534964,842.0
1336,0.07055546285473778,430.0
1337,0.04299494316865625,1190.0
1338,0.05256309129797899,1170.0
1339,0.05524523156281031,1184.0
1340,0.0589728311359681,1077.0
1341,0.04189679385837927,1473.0
1342,0.05260832818057314,302.0
1343,0.04445273334702753,1266.0
1344,0.06039265882841479,730.0
1345,0.0016039145435200344,1291.0
1346,0.053937203937665025,1393.0
1347,0.0006519550951524818,516.0
1348,0.049588998354762874,956.0
1349,0.052310268621455276,1303.0
1350,0.05792739254303684,1248.0
1351,0.03951104792657725,868.0
1352,0.0007436137079955149,1395.0
1353,0.04802646323781736,1144.0
1354,0.05265097977800399,1400.0
1355,0.0007639245014885684,419.0
1356,0.05671149856214058,1132.0
1357,0.06029181223550077,710.0
1358,0.05648083144883935,816.0
1359,0.053459814237234345,1408.0
1360,0.05793076339531358,692.0
1361,0.05699417149262883,594.0
1362,0.05268702653942839,1133.0
1363,0.051194290857845576,1385.0
1364,0.05998207657978518,201.0
1365,0.05716176228490407,1024.0
1366,0.05971549200574103,1013.0
1367,0.054069432276480596,660.0
1368,0.05588058002677295,1148.0
1369,0.05934154634710426,1304.0
1370,0.05140997409756483,1398.0
1371,0.05565449599311779,1171.0
1372,0.14260439983508114,1406.0
1373,0.05652814452628377,484.0
1374,0.05403021922852049,1453.0
1375,0.04907571916139567,1426.0
1376,0.0016900191479057027,658.0
1377,0.05140436908070157,1445.0
1378,0.026083632413947663,814.0
1379,0.06323721088740392,1087.0
1380,0.05924746286504394,1376.0
1381,0.05209594486683926,1020.0
1382,0.05203019080337906,929.0
1383,0.055834320353920205,1463.0
1384,0.04666276286482465,1092.0
1385,0.05502602623435335,805.0
1386,0.05399530602546232,1407.0
1387,0.04906156148933869,1115.0
1388,0.05619610147049774,1098.0
1389,0.0492800968227271,1490.0
1390,0.0566871532940759,1211.0
1391,0.05541943862996848,1491.0
1392,0.04702897508642427,1422.0
1393,0.0005801788943413364,806.0
1394,0.04686004125103857,1308.0
1395,0.0558702712872761,1191.0
1396,0.04968364340620122,295.0
1397,0.046866936235193016,192.0
1398,0.05176297357981663,546.0
1399,0.0468235927922221,1269.0
1400,0.04875257398203037,849.0
1401,0.07241531263595498,1212.0
1402,0.05702407867264546,1058.0
1403,0.04503087991940059,1218.0
1404,0.049907710342803155,817.0
1405,0.04647476738754418,903.0
1406,0.04566925392726711,217.0
1407,0.046733529783968164,711.0
1408,0.060016825060983055,864.0
1409,0.003316205568649142,1344.0
1410,0.052120053864958694,1262.0
1411,0.05379758470478122,995.0
1412,0.06447230212046745,1271.0
1413,0.05201574828261933,760.0
1414,0.04830618207492417,1404.0
1415,0.056861498182775846,596.0
1416,0.05309765873756949,1012.0
1417,0.04834453332537064,366.0
1418,0.051211189618455305,108.0
1419,0.05496606258806763,1240.0
1420,0.04838275412302277,1203.0
1421,0.04512712353434034,1512.0
1422,0.05493755451302826,120.0
1423,0.0030400654222924282,990.0
1424,0.04972730934620422,802.0
1425,0.046307675307145746,1230.0
1426,0.0009878539553835207,1464.0
1427,0.04960864688081734,1023.0
1428,0.05725747081651356,1019.0
1429,0.051493639804816,950.0
1430,0.05185029244003323,1073.0
1431,0.05070209612070634,1509.0
1432,0.05106231753642247,999.0
1433,0.03818016509367658,1222.0
1434,0.054668572307604066,1316.0
1435,0.04841600484871545,1477.0
1436,0.05245307841039703,1234.0
1437,0.050025979601181374,1085.0
1438,0.05215049876751463,1451.0
1439,0.05304518338588637,1338.0
1440,0.04075743152177889,1031.0
1441,0.057918800929407224,1283.0
1442,0.053577002651307,1009.0
1443,0.04793286140352742,61.0
1444,0.04597336126062188,997.0
1445,0.055320516144048856,1342.0
1446,0.05433355661742148,968.0
1447,0.057420389156964485,1153.0
1448,0.008339180970705726,1174.0
1449,0.05364999512853258,503.0
1450,0.04281342102171195,648.0
1451,0.0625851643901245,317.0
1452,0.04750084693855988,1280.0
1453,0.15843937442487177,1441.0
1454,0.05354400399521022,1160.0
1455,0.05231907785914398,1500.0
1456,0.056133948792247416,1317.0
1457,0.052734866433700456,1327.0
1458,0.04999443529667268,1288.0
1459,0.05992699497972808,224.0
1460,0.055801346419168514,1352.0
1461,0.09852511507046091,1332.0
1462,0.04574547245977846,880.0
1463,0.043757465908184155,1279.0
1464,0.050133397344923544,1434.0
1465,0.05770951623442404,410.0
1466,0.05209431895151891,1323.0
1467,0.05406860124398759,1029.0
1468,0.05615993300465706,1462.0
1469,0.05985639690509117,259.0
1470,0.060905771290922,1265.0
1471,0.055668779503331725,1229.0
1472,0.0471589189807794,1315.0
1473,0.0603418676969405,732.0
1474,0.05062517930783107,1379.0
1475,0.05475009961560182,219.0
1476,0.04404553745192496,965.0
1477,0.05583852927305574,856.0
1478,0.053098583529396864,354.0
1479,0.060230311956294184,659.0
1480,0.05579795002009863,1137.0
1481,0.05782588967121421,1235.0
1482,0.054424058839495276,752.0
1483,0.003492503556725058,754.0
1484,0.050316320499413744,1281.0
1485,0.05056848019833156,713.0
1486,0.05760594211719671,1030.0
1487,0.06001642220787071,381.0
1488,0.05890802233955994,811.0
1489,0.04538533154501937,770.0
1490,0.045172009535001736,1449.0
1491,0.05721273331636509,1198.0
1492,0.06199296593735146,161.0
1493,0.05449263596192313,1319.0
1494,0.04913786989650589,1172.0
1495,0.05558487682687706,784.0
1496,0.050910184192992994,1169.0
1497,0.06681002696217551,432.0
1498,0.05594562615361684,496.0
1499,0.04052850696390549,665.0
1500,0.048391134287965445,846.0
1501,0.055449054576805025,338.0
1502,0.056222545618760986,1484.0
1503,0.0550662886685553,1410.0
1504,0.07630485681325053,1424.0
1505,0.05981099473476748,1050.0
1506,0.05128872591430765,38.0
1507,0.0536844526303695,1289.0
1508,0.043503889527158175,1377.0
1509,0.05447468976972081,1346.0
1510,0.05864028405270492,1016.0
1511,0.04452781351564434,690.0
1512,0.04972063187353942,1063.0
1513,0.05331994571152951,1427.0
1514,0.055275739322355445,1336.0
1515,0.08407823275153799,1214.0
1516,0.05001566002104098,934.0
1517,0.057191134070172886,1356.0
1518,0.05321673282991841,1353.0
1519,0.05247108162426211,701.0
1520,0.05471708901377448,1348.0
1521,0.05450755284896939,1394.0
1522,0.052062786549110125,1294.0
1523,0.05312961769826227,1314.0
